"Date","Revenue","GrossSales","Count","Location"
"2026-01-03","","","","Liana’s (Hug’a’Mug & Shaorma Stoke) - Wolstanton - UK"
"2026-01-15","","","","Liana’s (Hug’a’Mug & Shaorma Stoke) - Wolstanton - UK"
"2026-01-21","","","","Liana’s (Hug’a’Mug & Shaorma Stoke) - Wolstanton - UK"
"2026-01-23","","","","Liana’s (Hug’a’Mug & Shaorma Stoke) - Wolstanton - UK"
"2026-01-24","","","","Liana’s (Hug’a’Mug & Shaorma Stoke) - Wolstanton - UK"
"2026-02-04","","","","Liana’s (Hug’a’Mug & Shaorma Stoke) - Wolstanton - UK"
"2026-02-05","","","","Liana’s (Hug’a’Mug & Shaorma Stoke) - Wolstanton - UK"
"2026-03-01","","","","Liana’s (Hug’a’Mug & Shaorma Stoke) - Wolstanton - UK"
"2026-03-04","","","","Liana’s (Hug’a’Mug & Shaorma Stoke) - Wolstanton - UK"
"2026-03-14","","","","Liana’s (Hug’a’Mug & Shaorma Stoke) - Wolstanton - UK"
"2026-03-18","","","","Liana’s (Hug’a’Mug & Shaorma Stoke) - Wolstanton - UK"
"2026-03-21","","","","Liana’s (Hug’a’Mug & Shaorma Stoke) - Wolstanton - UK"
"2026-04-11","","","","Liana’s (Hug’a’Mug & Shaorma Stoke) - Wolstanton - UK"
"2026-04-16","","","","Liana’s (Hug’a’Mug & Shaorma Stoke) - Wolstanton - UK"
"2026-04-18","","","","Liana’s (Hug’a’Mug & Shaorma Stoke) - Wolstanton - UK"
"2026-04-27","","","","Liana’s (Hug’a’Mug & Shaorma Stoke) - Wolstanton - UK"
"2026-05-09","","","","Liana’s (Hug’a’Mug & Shaorma Stoke) - Wolstanton - UK"
"2026-05-11","","","","Liana’s (Hug’a’Mug & Shaorma Stoke) - Wolstanton - UK"
"2026-06-10","","","","Liana’s (Hug’a’Mug & Shaorma Stoke) - Wolstanton - UK"
"2026-06-17","","","","Liana’s (Hug’a’Mug & Shaorma Stoke) - Wolstanton - UK"
"2026-06-26","","","","Liana’s (Hug’a’Mug & Shaorma Stoke) - Wolstanton - UK"
"2026-07-03","","","","Liana’s (Hug’a’Mug & Shaorma Stoke) - Wolstanton - UK"
"2026-07-14","","","","Liana’s (Hug’a’Mug & Shaorma Stoke) - Wolstanton - UK"
"2026-07-21","","","","Liana’s (Hug’a’Mug & Shaorma Stoke) - Wolstanton - UK"
"2026-08-06","","","","Liana’s (Hug’a’Mug & Shaorma Stoke) - Wolstanton - UK"
"2026-08-08","","","","Liana’s (Hug’a’Mug & Shaorma Stoke) - Wolstanton - UK"
"2026-08-16","","","","Liana’s (Hug’a’Mug & Shaorma Stoke) - Wolstanton - UK"
"2026-08-22","","","","Liana’s (Hug’a’Mug & Shaorma Stoke) - Wolstanton - UK"
"2026-09-05","","","","Liana’s (Hug’a’Mug & Shaorma Stoke) - Wolstanton - UK"
"2026-09-08","","","","Liana’s (Hug’a’Mug & Shaorma Stoke) - Wolstanton - UK"
"2026-09-09","","","","Liana’s (Hug’a’Mug & Shaorma Stoke) - Wolstanton - UK"
"2026-09-16","","","","Liana’s (Hug’a’Mug & Shaorma Stoke) - Wolstanton - UK"
"2026-09-25","","","","Liana’s (Hug’a’Mug & Shaorma Stoke) - Wolstanton - UK"
"2026-09-26","","","","Liana’s (Hug’a’Mug & Shaorma Stoke) - Wolstanton - UK"
"2026-10-01","","","","Liana’s (Hug’a’Mug & Shaorma Stoke) - Wolstanton - UK"
"2026-10-11","","","","Liana’s (Hug’a’Mug & Shaorma Stoke) - Wolstanton - UK"
"2026-10-12","","","","Liana’s (Hug’a’Mug & Shaorma Stoke) - Wolstanton - UK"
"2026-10-26","","","","Liana’s (Hug’a’Mug & Shaorma Stoke) - Wolstanton - UK"
"2026-10-30","","","","Liana’s (Hug’a’Mug & Shaorma Stoke) - Wolstanton - UK"
"2026-11-08","","","","Liana’s (Hug’a’Mug & Shaorma Stoke) - Wolstanton - UK"
"2026-11-13","","","","Liana’s (Hug’a’Mug & Shaorma Stoke) - Wolstanton - UK"
"2026-11-15","","","","Liana’s (Hug’a’Mug & Shaorma Stoke) - Wolstanton - UK"
"2026-11-16","","","","Liana’s (Hug’a’Mug & Shaorma Stoke) - Wolstanton - UK"
"2026-11-18","","","","Liana’s (Hug’a’Mug & Shaorma Stoke) - Wolstanton - UK"
"2026-11-24","","","","Liana’s (Hug’a’Mug & Shaorma Stoke) - Wolstanton - UK"
"2026-12-03","","","","Liana’s (Hug’a’Mug & Shaorma Stoke) - Wolstanton - UK"
"2026-12-04","","","","Liana’s (Hug’a’Mug & Shaorma Stoke) - Wolstanton - UK"
"2026-12-21","","","","Liana’s (Hug’a’Mug & Shaorma Stoke) - Wolstanton - UK"
"2026-12-27","","","","Liana’s (Hug’a’Mug & Shaorma Stoke) - Wolstanton - UK"
"2026-01-02","","","","Chesters-Bolton-UK"
"2026-01-04",18.37,18.37,1,"Chesters-Bolton-UK"
"2026-01-09",17.25,17.25,1,"Chesters-Bolton-UK"
"2026-01-19","","","","Chesters-Bolton-UK"
"2026-01-23","","","","Chesters-Bolton-UK"
"2026-01-24","","","","Chesters-Bolton-UK"
"2026-01-27","","","","Chesters-Bolton-UK"
"2026-02-02","","","","Chesters-Bolton-UK"
"2026-02-19","","","","Chesters-Bolton-UK"
"2026-03-03","","","","Chesters-Bolton-UK"
"2026-03-14","","","","Chesters-Bolton-UK"
"2026-03-15","","","","Chesters-Bolton-UK"
"2026-03-17","","","","Chesters-Bolton-UK"
"2026-03-19","","","","Chesters-Bolton-UK"
"2026-03-22","","","","Chesters-Bolton-UK"
"2026-03-25","","","","Chesters-Bolton-UK"
"2026-03-28","","","","Chesters-Bolton-UK"
"2026-04-18","","","","Chesters-Bolton-UK"
"2026-04-19","","","","Chesters-Bolton-UK"
"2026-04-27","","","","Chesters-Bolton-UK"
"2026-04-28","","","","Chesters-Bolton-UK"
"2026-05-04","","","","Chesters-Bolton-UK"
"2026-05-07","","","","Chesters-Bolton-UK"
"2026-05-14","","","","Chesters-Bolton-UK"
"2026-05-21","","","","Chesters-Bolton-UK"
"2026-05-29","","","","Chesters-Bolton-UK"
"2026-07-01","","","","Chesters-Bolton-UK"
"2026-07-03","","","","Chesters-Bolton-UK"
"2026-07-09","","","","Chesters-Bolton-UK"
"2026-07-13","","","","Chesters-Bolton-UK"
"2026-07-15","","","","Chesters-Bolton-UK"
"2026-07-16","","","","Chesters-Bolton-UK"
"2026-07-24","","","","Chesters-Bolton-UK"
"2026-08-01","","","","Chesters-Bolton-UK"
"2026-08-05","","","","Chesters-Bolton-UK"
"2026-08-10","","","","Chesters-Bolton-UK"
"2026-08-31","","","","Chesters-Bolton-UK"
"2026-09-08","","","","Chesters-Bolton-UK"
"2026-09-10","","","","Chesters-Bolton-UK"
"2026-09-12","","","","Chesters-Bolton-UK"
"2026-09-23","","","","Chesters-Bolton-UK"
"2026-09-29","","","","Chesters-Bolton-UK"
"2026-10-11","","","","Chesters-Bolton-UK"
"2026-10-25","","","","Chesters-Bolton-UK"
"2026-10-30","","","","Chesters-Bolton-UK"
"2026-11-06","","","","Chesters-Bolton-UK"
"2026-11-08","","","","Chesters-Bolton-UK"
"2026-11-10","","","","Chesters-Bolton-UK"
"2026-11-15","","","","Chesters-Bolton-UK"
"2026-11-16","","","","Chesters-Bolton-UK"
"2026-11-17","","","","Chesters-Bolton-UK"
"2026-11-18","","","","Chesters-Bolton-UK"
"2026-11-19","","","","Chesters-Bolton-UK"
"2026-11-23","","","","Chesters-Bolton-UK"
"2026-11-29","","","","Chesters-Bolton-UK"
"2026-12-04","","","","Chesters-Bolton-UK"
"2026-12-08","","","","Chesters-Bolton-UK"
"2026-12-10","","","","Chesters-Bolton-UK"
"2026-12-12","","","","Chesters-Bolton-UK"
"2026-12-17","","","","Chesters-Bolton-UK"
"2026-12-19","","","","Chesters-Bolton-UK"
"2026-12-20","","","","Chesters-Bolton-UK"
"2026-01-10",27.0,27.0,1,"Goodfellas Grill & Kebab House-Wayte St Portsmouth-UK"
"2026-01-16","","","","Goodfellas Grill & Kebab House-Wayte St Portsmouth-UK"
"2026-01-19","","","","Goodfellas Grill & Kebab House-Wayte St Portsmouth-UK"
"2026-01-21","","","","Goodfellas Grill & Kebab House-Wayte St Portsmouth-UK"
"2026-01-26","","","","Goodfellas Grill & Kebab House-Wayte St Portsmouth-UK"
"2026-01-28","","","","Goodfellas Grill & Kebab House-Wayte St Portsmouth-UK"
"2026-01-29","","","","Goodfellas Grill & Kebab House-Wayte St Portsmouth-UK"
"2026-02-04","","","","Goodfellas Grill & Kebab House-Wayte St Portsmouth-UK"
"2026-02-06","","","","Goodfellas Grill & Kebab House-Wayte St Portsmouth-UK"
"2026-02-11","","","","Goodfellas Grill & Kebab House-Wayte St Portsmouth-UK"
"2026-02-16","","","","Goodfellas Grill & Kebab House-Wayte St Portsmouth-UK"
"2026-02-23","","","","Goodfellas Grill & Kebab House-Wayte St Portsmouth-UK"
"2026-02-25","","","","Goodfellas Grill & Kebab House-Wayte St Portsmouth-UK"
"2026-03-03","","","","Goodfellas Grill & Kebab House-Wayte St Portsmouth-UK"
"2026-03-04","","","","Goodfellas Grill & Kebab House-Wayte St Portsmouth-UK"
"2026-03-06","","","","Goodfellas Grill & Kebab House-Wayte St Portsmouth-UK"
"2026-03-10","","","","Goodfellas Grill & Kebab House-Wayte St Portsmouth-UK"
"2026-03-28","","","","Goodfellas Grill & Kebab House-Wayte St Portsmouth-UK"
"2026-03-31","","","","Goodfellas Grill & Kebab House-Wayte St Portsmouth-UK"
"2026-04-01","","","","Goodfellas Grill & Kebab House-Wayte St Portsmouth-UK"
"2026-04-12","","","","Goodfellas Grill & Kebab House-Wayte St Portsmouth-UK"
"2026-04-15","","","","Goodfellas Grill & Kebab House-Wayte St Portsmouth-UK"
"2026-04-16","","","","Goodfellas Grill & Kebab House-Wayte St Portsmouth-UK"
"2026-04-24","","","","Goodfellas Grill & Kebab House-Wayte St Portsmouth-UK"
"2026-05-02","","","","Goodfellas Grill & Kebab House-Wayte St Portsmouth-UK"
"2026-05-22","","","","Goodfellas Grill & Kebab House-Wayte St Portsmouth-UK"
"2026-06-03","","","","Goodfellas Grill & Kebab House-Wayte St Portsmouth-UK"
"2026-06-12","","","","Goodfellas Grill & Kebab House-Wayte St Portsmouth-UK"
"2026-06-17","","","","Goodfellas Grill & Kebab House-Wayte St Portsmouth-UK"
"2026-06-21","","","","Goodfellas Grill & Kebab House-Wayte St Portsmouth-UK"
"2026-06-24","","","","Goodfellas Grill & Kebab House-Wayte St Portsmouth-UK"
"2026-06-29","","","","Goodfellas Grill & Kebab House-Wayte St Portsmouth-UK"
"2026-07-01","","","","Goodfellas Grill & Kebab House-Wayte St Portsmouth-UK"
"2026-07-02","","","","Goodfellas Grill & Kebab House-Wayte St Portsmouth-UK"
"2026-07-06","","","","Goodfellas Grill & Kebab House-Wayte St Portsmouth-UK"
"2026-07-25","","","","Goodfellas Grill & Kebab House-Wayte St Portsmouth-UK"
"2026-07-28","","","","Goodfellas Grill & Kebab House-Wayte St Portsmouth-UK"
"2026-08-03","","","","Goodfellas Grill & Kebab House-Wayte St Portsmouth-UK"
"2026-09-19","","","","Goodfellas Grill & Kebab House-Wayte St Portsmouth-UK"
"2026-09-27","","","","Goodfellas Grill & Kebab House-Wayte St Portsmouth-UK"
"2026-10-03","","","","Goodfellas Grill & Kebab House-Wayte St Portsmouth-UK"
"2026-10-05","","","","Goodfellas Grill & Kebab House-Wayte St Portsmouth-UK"
"2026-10-17","","","","Goodfellas Grill & Kebab House-Wayte St Portsmouth-UK"
"2026-10-19","","","","Goodfellas Grill & Kebab House-Wayte St Portsmouth-UK"
"2026-10-24","","","","Goodfellas Grill & Kebab House-Wayte St Portsmouth-UK"
"2026-10-26","","","","Goodfellas Grill & Kebab House-Wayte St Portsmouth-UK"
"2026-11-04","","","","Goodfellas Grill & Kebab House-Wayte St Portsmouth-UK"
"2026-11-06","","","","Goodfellas Grill & Kebab House-Wayte St Portsmouth-UK"
"2026-11-08","","","","Goodfellas Grill & Kebab House-Wayte St Portsmouth-UK"
"2026-11-22","","","","Goodfellas Grill & Kebab House-Wayte St Portsmouth-UK"
"2026-12-02","","","","Goodfellas Grill & Kebab House-Wayte St Portsmouth-UK"
"2026-12-12","","","","Goodfellas Grill & Kebab House-Wayte St Portsmouth-UK"
"2026-12-29","","","","Goodfellas Grill & Kebab House-Wayte St Portsmouth-UK"
"2026-01-23","","","","Chunky Chicken-Glasgow-UK"
"2026-02-06","","","","Chunky Chicken-Glasgow-UK"
"2026-02-11","","","","Chunky Chicken-Glasgow-UK"
"2026-02-20","","","","Chunky Chicken-Glasgow-UK"
"2026-02-24","","","","Chunky Chicken-Glasgow-UK"
"2026-03-01","","","","Chunky Chicken-Glasgow-UK"
"2026-03-08","","","","Chunky Chicken-Glasgow-UK"
"2026-03-15","","","","Chunky Chicken-Glasgow-UK"
"2026-03-22","","","","Chunky Chicken-Glasgow-UK"
"2026-04-07","","","","Chunky Chicken-Glasgow-UK"
"2026-04-08","","","","Chunky Chicken-Glasgow-UK"
"2026-04-13","","","","Chunky Chicken-Glasgow-UK"
"2026-04-25","","","","Chunky Chicken-Glasgow-UK"
"2026-04-26","","","","Chunky Chicken-Glasgow-UK"
"2026-04-30","","","","Chunky Chicken-Glasgow-UK"
"2026-05-11","","","","Chunky Chicken-Glasgow-UK"
"2026-05-12","","","","Chunky Chicken-Glasgow-UK"
"2026-05-14","","","","Chunky Chicken-Glasgow-UK"
"2026-05-30","","","","Chunky Chicken-Glasgow-UK"
"2026-06-12","","","","Chunky Chicken-Glasgow-UK"
"2026-06-22","","","","Chunky Chicken-Glasgow-UK"
"2026-06-28","","","","Chunky Chicken-Glasgow-UK"
"2026-07-10","","","","Chunky Chicken-Glasgow-UK"
"2026-07-23","","","","Chunky Chicken-Glasgow-UK"
"2026-07-25","","","","Chunky Chicken-Glasgow-UK"
"2026-08-13","","","","Chunky Chicken-Glasgow-UK"
"2026-08-24","","","","Chunky Chicken-Glasgow-UK"
"2026-08-25","","","","Chunky Chicken-Glasgow-UK"
"2026-08-29","","","","Chunky Chicken-Glasgow-UK"
"2026-09-21","","","","Chunky Chicken-Glasgow-UK"
"2026-10-01","","","","Chunky Chicken-Glasgow-UK"
"2026-10-14","","","","Chunky Chicken-Glasgow-UK"
"2026-10-19","","","","Chunky Chicken-Glasgow-UK"
"2026-10-23","","","","Chunky Chicken-Glasgow-UK"
"2026-10-25","","","","Chunky Chicken-Glasgow-UK"
"2026-11-03","","","","Chunky Chicken-Glasgow-UK"
"2026-11-15","","","","Chunky Chicken-Glasgow-UK"
"2026-12-14","","","","Chunky Chicken-Glasgow-UK"
"2026-12-20","","","","Chunky Chicken-Glasgow-UK"
"2026-12-30","","","","Chunky Chicken-Glasgow-UK"
"2026-01-05","","","","Liana’s (Hug’a’Mug & Shaorma Stoke) - Wolstanton - UK"
"2026-01-20","","","","Liana’s (Hug’a’Mug & Shaorma Stoke) - Wolstanton - UK"
"2026-01-22","","","","Liana’s (Hug’a’Mug & Shaorma Stoke) - Wolstanton - UK"
"2026-01-30","","","","Liana’s (Hug’a’Mug & Shaorma Stoke) - Wolstanton - UK"
"2026-02-06","","","","Liana’s (Hug’a’Mug & Shaorma Stoke) - Wolstanton - UK"
"2026-02-08","","","","Liana’s (Hug’a’Mug & Shaorma Stoke) - Wolstanton - UK"
"2026-02-09","","","","Liana’s (Hug’a’Mug & Shaorma Stoke) - Wolstanton - UK"
"2026-02-24","","","","Liana’s (Hug’a’Mug & Shaorma Stoke) - Wolstanton - UK"
"2026-03-10","","","","Liana’s (Hug’a’Mug & Shaorma Stoke) - Wolstanton - UK"
"2026-03-15","","","","Liana’s (Hug’a’Mug & Shaorma Stoke) - Wolstanton - UK"
"2026-03-16","","","","Liana’s (Hug’a’Mug & Shaorma Stoke) - Wolstanton - UK"
"2026-03-26","","","","Liana’s (Hug’a’Mug & Shaorma Stoke) - Wolstanton - UK"
"2026-03-27","","","","Liana’s (Hug’a’Mug & Shaorma Stoke) - Wolstanton - UK"
"2026-04-01","","","","Liana’s (Hug’a’Mug & Shaorma Stoke) - Wolstanton - UK"
"2026-04-04","","","","Liana’s (Hug’a’Mug & Shaorma Stoke) - Wolstanton - UK"
"2026-04-05","","","","Liana’s (Hug’a’Mug & Shaorma Stoke) - Wolstanton - UK"
"2026-04-07","","","","Liana’s (Hug’a’Mug & Shaorma Stoke) - Wolstanton - UK"
"2026-04-12","","","","Liana’s (Hug’a’Mug & Shaorma Stoke) - Wolstanton - UK"
"2026-04-19","","","","Liana’s (Hug’a’Mug & Shaorma Stoke) - Wolstanton - UK"
"2026-05-01","","","","Liana’s (Hug’a’Mug & Shaorma Stoke) - Wolstanton - UK"
"2026-05-05","","","","Liana’s (Hug’a’Mug & Shaorma Stoke) - Wolstanton - UK"
"2026-05-13","","","","Liana’s (Hug’a’Mug & Shaorma Stoke) - Wolstanton - UK"
"2026-05-16","","","","Liana’s (Hug’a’Mug & Shaorma Stoke) - Wolstanton - UK"
"2026-06-04","","","","Liana’s (Hug’a’Mug & Shaorma Stoke) - Wolstanton - UK"
"2026-06-07","","","","Liana’s (Hug’a’Mug & Shaorma Stoke) - Wolstanton - UK"
"2026-06-13","","","","Liana’s (Hug’a’Mug & Shaorma Stoke) - Wolstanton - UK"
"2026-06-24","","","","Liana’s (Hug’a’Mug & Shaorma Stoke) - Wolstanton - UK"
"2026-06-25","","","","Liana’s (Hug’a’Mug & Shaorma Stoke) - Wolstanton - UK"
"2026-07-04","","","","Liana’s (Hug’a’Mug & Shaorma Stoke) - Wolstanton - UK"
"2026-07-19","","","","Liana’s (Hug’a’Mug & Shaorma Stoke) - Wolstanton - UK"
"2026-07-25","","","","Liana’s (Hug’a’Mug & Shaorma Stoke) - Wolstanton - UK"
"2026-08-10","","","","Liana’s (Hug’a’Mug & Shaorma Stoke) - Wolstanton - UK"
"2026-08-11","","","","Liana’s (Hug’a’Mug & Shaorma Stoke) - Wolstanton - UK"
"2026-08-17","","","","Liana’s (Hug’a’Mug & Shaorma Stoke) - Wolstanton - UK"
"2026-09-06","","","","Liana’s (Hug’a’Mug & Shaorma Stoke) - Wolstanton - UK"
"2026-09-11","","","","Liana’s (Hug’a’Mug & Shaorma Stoke) - Wolstanton - UK"
"2026-09-13","","","","Liana’s (Hug’a’Mug & Shaorma Stoke) - Wolstanton - UK"
"2026-09-14","","","","Liana’s (Hug’a’Mug & Shaorma Stoke) - Wolstanton - UK"
"2026-09-19","","","","Liana’s (Hug’a’Mug & Shaorma Stoke) - Wolstanton - UK"
"2026-09-24","","","","Liana’s (Hug’a’Mug & Shaorma Stoke) - Wolstanton - UK"
"2026-09-27","","","","Liana’s (Hug’a’Mug & Shaorma Stoke) - Wolstanton - UK"
"2026-09-29","","","","Liana’s (Hug’a’Mug & Shaorma Stoke) - Wolstanton - UK"
"2026-10-02","","","","Liana’s (Hug’a’Mug & Shaorma Stoke) - Wolstanton - UK"
"2026-10-04","","","","Liana’s (Hug’a’Mug & Shaorma Stoke) - Wolstanton - UK"
"2026-10-09","","","","Liana’s (Hug’a’Mug & Shaorma Stoke) - Wolstanton - UK"
"2026-10-24","","","","Liana’s (Hug’a’Mug & Shaorma Stoke) - Wolstanton - UK"
"2026-10-27","","","","Liana’s (Hug’a’Mug & Shaorma Stoke) - Wolstanton - UK"
"2026-10-31","","","","Liana’s (Hug’a’Mug & Shaorma Stoke) - Wolstanton - UK"
"2026-11-06","","","","Liana’s (Hug’a’Mug & Shaorma Stoke) - Wolstanton - UK"
"2026-11-14","","","","Liana’s (Hug’a’Mug & Shaorma Stoke) - Wolstanton - UK"
"2026-11-21","","","","Liana’s (Hug’a’Mug & Shaorma Stoke) - Wolstanton - UK"
"2026-11-22","","","","Liana’s (Hug’a’Mug & Shaorma Stoke) - Wolstanton - UK"
"2026-11-26","","","","Liana’s (Hug’a’Mug & Shaorma Stoke) - Wolstanton - UK"
"2026-11-29","","","","Liana’s (Hug’a’Mug & Shaorma Stoke) - Wolstanton - UK"
"2026-12-02","","","","Liana’s (Hug’a’Mug & Shaorma Stoke) - Wolstanton - UK"
"2026-12-05","","","","Liana’s (Hug’a’Mug & Shaorma Stoke) - Wolstanton - UK"
"2026-12-06","","","","Liana’s (Hug’a’Mug & Shaorma Stoke) - Wolstanton - UK"
"2026-12-20","","","","Liana’s (Hug’a’Mug & Shaorma Stoke) - Wolstanton - UK"
"2026-01-11","","","","Chesters-Bolton-UK"
"2026-01-12","","","","Chesters-Bolton-UK"
"2026-01-13","","","","Chesters-Bolton-UK"
"2026-01-26","","","","Chesters-Bolton-UK"
"2026-02-01","","","","Chesters-Bolton-UK"
"2026-02-12","","","","Chesters-Bolton-UK"
"2026-02-14","","","","Chesters-Bolton-UK"
"2026-02-18","","","","Chesters-Bolton-UK"
"2026-02-22","","","","Chesters-Bolton-UK"
"2026-02-23","","","","Chesters-Bolton-UK"
"2026-02-27","","","","Chesters-Bolton-UK"
"2026-03-02","","","","Chesters-Bolton-UK"
"2026-03-04","","","","Chesters-Bolton-UK"
"2026-03-11","","","","Chesters-Bolton-UK"
"2026-03-31","","","","Chesters-Bolton-UK"
"2026-04-10","","","","Chesters-Bolton-UK"
"2026-04-12","","","","Chesters-Bolton-UK"
"2026-04-13","","","","Chesters-Bolton-UK"
"2026-05-03","","","","Chesters-Bolton-UK"
"2026-05-09","","","","Chesters-Bolton-UK"
"2026-05-25","","","","Chesters-Bolton-UK"
"2026-05-30","","","","Chesters-Bolton-UK"
"2026-06-03","","","","Chesters-Bolton-UK"
"2026-06-10","","","","Chesters-Bolton-UK"
"2026-06-14","","","","Chesters-Bolton-UK"
"2026-06-16","","","","Chesters-Bolton-UK"
"2026-06-19","","","","Chesters-Bolton-UK"
"2026-06-23","","","","Chesters-Bolton-UK"
"2026-06-30","","","","Chesters-Bolton-UK"
"2026-07-05","","","","Chesters-Bolton-UK"
"2026-07-21","","","","Chesters-Bolton-UK"
"2026-07-26","","","","Chesters-Bolton-UK"
"2026-08-06","","","","Chesters-Bolton-UK"
"2026-08-08","","","","Chesters-Bolton-UK"
"2026-08-13","","","","Chesters-Bolton-UK"
"2026-08-15","","","","Chesters-Bolton-UK"
"2026-08-16","","","","Chesters-Bolton-UK"
"2026-08-21","","","","Chesters-Bolton-UK"
"2026-09-06","","","","Chesters-Bolton-UK"
"2026-09-09","","","","Chesters-Bolton-UK"
"2026-09-17","","","","Chesters-Bolton-UK"
"2026-09-21","","","","Chesters-Bolton-UK"
"2026-09-24","","","","Chesters-Bolton-UK"
"2026-09-28","","","","Chesters-Bolton-UK"
"2026-10-17","","","","Chesters-Bolton-UK"
"2026-10-21","","","","Chesters-Bolton-UK"
"2026-10-23","","","","Chesters-Bolton-UK"
"2026-10-24","","","","Chesters-Bolton-UK"
"2026-10-31","","","","Chesters-Bolton-UK"
"2026-11-07","","","","Chesters-Bolton-UK"
"2026-11-27","","","","Chesters-Bolton-UK"
"2026-11-30","","","","Chesters-Bolton-UK"
"2026-12-02","","","","Chesters-Bolton-UK"
"2026-12-03","","","","Chesters-Bolton-UK"
"2026-12-09","","","","Chesters-Bolton-UK"
"2026-12-15","","","","Chesters-Bolton-UK"
"2026-12-28","","","","Chesters-Bolton-UK"
"2026-12-29","","","","Chesters-Bolton-UK"
"2026-12-31","","","","Chesters-Bolton-UK"
"2026-01-07","","","","Goodfellas Grill & Kebab House-Wayte St Portsmouth-UK"
"2026-01-09","","","","Goodfellas Grill & Kebab House-Wayte St Portsmouth-UK"
"2026-01-13",75.75,75.75,3,"Goodfellas Grill & Kebab House-Wayte St Portsmouth-UK"
"2026-01-14","","","","Goodfellas Grill & Kebab House-Wayte St Portsmouth-UK"
"2026-01-17","","","","Goodfellas Grill & Kebab House-Wayte St Portsmouth-UK"
"2026-01-18","","","","Goodfellas Grill & Kebab House-Wayte St Portsmouth-UK"
"2026-01-20","","","","Goodfellas Grill & Kebab House-Wayte St Portsmouth-UK"
"2026-02-09","","","","Goodfellas Grill & Kebab House-Wayte St Portsmouth-UK"
"2026-02-13","","","","Goodfellas Grill & Kebab House-Wayte St Portsmouth-UK"
"2026-02-24","","","","Goodfellas Grill & Kebab House-Wayte St Portsmouth-UK"
"2026-03-05","","","","Goodfellas Grill & Kebab House-Wayte St Portsmouth-UK"
"2026-03-08","","","","Goodfellas Grill & Kebab House-Wayte St Portsmouth-UK"
"2026-03-18","","","","Goodfellas Grill & Kebab House-Wayte St Portsmouth-UK"
"2026-03-30","","","","Goodfellas Grill & Kebab House-Wayte St Portsmouth-UK"
"2026-04-11","","","","Goodfellas Grill & Kebab House-Wayte St Portsmouth-UK"
"2026-04-17","","","","Goodfellas Grill & Kebab House-Wayte St Portsmouth-UK"
"2026-04-19","","","","Goodfellas Grill & Kebab House-Wayte St Portsmouth-UK"
"2026-05-08","","","","Goodfellas Grill & Kebab House-Wayte St Portsmouth-UK"
"2026-05-09","","","","Goodfellas Grill & Kebab House-Wayte St Portsmouth-UK"
"2026-05-12","","","","Goodfellas Grill & Kebab House-Wayte St Portsmouth-UK"
"2026-05-14","","","","Goodfellas Grill & Kebab House-Wayte St Portsmouth-UK"
"2026-05-17","","","","Goodfellas Grill & Kebab House-Wayte St Portsmouth-UK"
"2026-06-02","","","","Goodfellas Grill & Kebab House-Wayte St Portsmouth-UK"
"2026-06-06","","","","Goodfellas Grill & Kebab House-Wayte St Portsmouth-UK"
"2026-06-10","","","","Goodfellas Grill & Kebab House-Wayte St Portsmouth-UK"
"2026-06-16","","","","Goodfellas Grill & Kebab House-Wayte St Portsmouth-UK"
"2026-06-23","","","","Goodfellas Grill & Kebab House-Wayte St Portsmouth-UK"
"2026-06-26","","","","Goodfellas Grill & Kebab House-Wayte St Portsmouth-UK"
"2026-06-28","","","","Goodfellas Grill & Kebab House-Wayte St Portsmouth-UK"
"2026-07-03","","","","Goodfellas Grill & Kebab House-Wayte St Portsmouth-UK"
"2026-07-05","","","","Goodfellas Grill & Kebab House-Wayte St Portsmouth-UK"
"2026-07-08","","","","Goodfellas Grill & Kebab House-Wayte St Portsmouth-UK"
"2026-07-13","","","","Goodfellas Grill & Kebab House-Wayte St Portsmouth-UK"
"2026-07-19","","","","Goodfellas Grill & Kebab House-Wayte St Portsmouth-UK"
"2026-07-22","","","","Goodfellas Grill & Kebab House-Wayte St Portsmouth-UK"
"2026-07-24","","","","Goodfellas Grill & Kebab House-Wayte St Portsmouth-UK"
"2026-07-27","","","","Goodfellas Grill & Kebab House-Wayte St Portsmouth-UK"
"2026-08-01","","","","Goodfellas Grill & Kebab House-Wayte St Portsmouth-UK"
"2026-08-20","","","","Goodfellas Grill & Kebab House-Wayte St Portsmouth-UK"
"2026-08-22","","","","Goodfellas Grill & Kebab House-Wayte St Portsmouth-UK"
"2026-08-24","","","","Goodfellas Grill & Kebab House-Wayte St Portsmouth-UK"
"2026-08-31","","","","Goodfellas Grill & Kebab House-Wayte St Portsmouth-UK"
"2026-09-11","","","","Goodfellas Grill & Kebab House-Wayte St Portsmouth-UK"
"2026-09-22","","","","Goodfellas Grill & Kebab House-Wayte St Portsmouth-UK"
"2026-09-25","","","","Goodfellas Grill & Kebab House-Wayte St Portsmouth-UK"
"2026-09-26","","","","Goodfellas Grill & Kebab House-Wayte St Portsmouth-UK"
"2026-10-11","","","","Goodfellas Grill & Kebab House-Wayte St Portsmouth-UK"
"2026-10-20","","","","Goodfellas Grill & Kebab House-Wayte St Portsmouth-UK"
"2026-10-23","","","","Goodfellas Grill & Kebab House-Wayte St Portsmouth-UK"
"2026-11-02","","","","Goodfellas Grill & Kebab House-Wayte St Portsmouth-UK"
"2026-11-03","","","","Goodfellas Grill & Kebab House-Wayte St Portsmouth-UK"
"2026-11-07","","","","Goodfellas Grill & Kebab House-Wayte St Portsmouth-UK"
"2026-11-15","","","","Goodfellas Grill & Kebab House-Wayte St Portsmouth-UK"
"2026-11-17","","","","Goodfellas Grill & Kebab House-Wayte St Portsmouth-UK"
"2026-11-18","","","","Goodfellas Grill & Kebab House-Wayte St Portsmouth-UK"
"2026-12-01","","","","Goodfellas Grill & Kebab House-Wayte St Portsmouth-UK"
"2026-12-03","","","","Goodfellas Grill & Kebab House-Wayte St Portsmouth-UK"
"2026-12-09","","","","Goodfellas Grill & Kebab House-Wayte St Portsmouth-UK"
"2026-12-10","","","","Goodfellas Grill & Kebab House-Wayte St Portsmouth-UK"
"2026-12-16","","","","Goodfellas Grill & Kebab House-Wayte St Portsmouth-UK"
"2026-12-22","","","","Goodfellas Grill & Kebab House-Wayte St Portsmouth-UK"
"2026-12-26","","","","Goodfellas Grill & Kebab House-Wayte St Portsmouth-UK"
"2026-12-28","","","","Goodfellas Grill & Kebab House-Wayte St Portsmouth-UK"
"2026-01-05",30.0,30.0,2,"Chunky Chicken-Glasgow-UK"
"2026-01-18","","","","Chunky Chicken-Glasgow-UK"
"2026-02-05","","","","Chunky Chicken-Glasgow-UK"
"2026-03-06","","","","Chunky Chicken-Glasgow-UK"
"2026-03-17","","","","Chunky Chicken-Glasgow-UK"
"2026-03-18","","","","Chunky Chicken-Glasgow-UK"
"2026-03-29","","","","Chunky Chicken-Glasgow-UK"
"2026-04-16","","","","Chunky Chicken-Glasgow-UK"
"2026-04-27","","","","Chunky Chicken-Glasgow-UK"
"2026-05-04","","","","Chunky Chicken-Glasgow-UK"
"2026-05-17","","","","Chunky Chicken-Glasgow-UK"
"2026-05-23","","","","Chunky Chicken-Glasgow-UK"
"2026-05-24","","","","Chunky Chicken-Glasgow-UK"
"2026-06-02","","","","Chunky Chicken-Glasgow-UK"
"2026-06-08","","","","Chunky Chicken-Glasgow-UK"
"2026-06-10","","","","Chunky Chicken-Glasgow-UK"
"2026-06-26","","","","Chunky Chicken-Glasgow-UK"
"2026-06-29","","","","Chunky Chicken-Glasgow-UK"
"2026-07-06","","","","Chunky Chicken-Glasgow-UK"
"2026-07-09","","","","Chunky Chicken-Glasgow-UK"
"2026-07-11","","","","Chunky Chicken-Glasgow-UK"
"2026-07-14","","","","Chunky Chicken-Glasgow-UK"
"2026-07-15","","","","Chunky Chicken-Glasgow-UK"
"2026-07-19","","","","Chunky Chicken-Glasgow-UK"
"2026-07-27","","","","Chunky Chicken-Glasgow-UK"
"2026-08-04","","","","Chunky Chicken-Glasgow-UK"
"2026-08-05","","","","Chunky Chicken-Glasgow-UK"
"2026-08-16","","","","Chunky Chicken-Glasgow-UK"
"2026-08-22","","","","Chunky Chicken-Glasgow-UK"
"2026-08-30","","","","Chunky Chicken-Glasgow-UK"
"2026-09-01","","","","Chunky Chicken-Glasgow-UK"
"2026-09-29","","","","Chunky Chicken-Glasgow-UK"
"2026-10-26","","","","Chunky Chicken-Glasgow-UK"
"2026-10-30","","","","Chunky Chicken-Glasgow-UK"
"2026-11-01","","","","Chunky Chicken-Glasgow-UK"
"2026-11-07","","","","Chunky Chicken-Glasgow-UK"
"2026-11-11","","","","Chunky Chicken-Glasgow-UK"
"2026-11-14","","","","Chunky Chicken-Glasgow-UK"
"2026-12-13","","","","Chunky Chicken-Glasgow-UK"
"2026-12-18","","","","Chunky Chicken-Glasgow-UK"
"2027-01-01","","","","Chunky Chicken-Glasgow-UK"
"2026-01-08","","","","Liana’s (Hug’a’Mug & Shaorma Stoke) - Wolstanton - UK"
"2026-01-16","","","","Liana’s (Hug’a’Mug & Shaorma Stoke) - Wolstanton - UK"
"2026-01-17","","","","Liana’s (Hug’a’Mug & Shaorma Stoke) - Wolstanton - UK"
"2026-01-26","","","","Liana’s (Hug’a’Mug & Shaorma Stoke) - Wolstanton - UK"
"2026-01-31","","","","Liana’s (Hug’a’Mug & Shaorma Stoke) - Wolstanton - UK"
"2026-02-11","","","","Liana’s (Hug’a’Mug & Shaorma Stoke) - Wolstanton - UK"
"2026-02-20","","","","Liana’s (Hug’a’Mug & Shaorma Stoke) - Wolstanton - UK"
"2026-02-23","","","","Liana’s (Hug’a’Mug & Shaorma Stoke) - Wolstanton - UK"
"2026-02-28","","","","Liana’s (Hug’a’Mug & Shaorma Stoke) - Wolstanton - UK"
"2026-03-13","","","","Liana’s (Hug’a’Mug & Shaorma Stoke) - Wolstanton - UK"
"2026-04-06","","","","Liana’s (Hug’a’Mug & Shaorma Stoke) - Wolstanton - UK"
"2026-04-08","","","","Liana’s (Hug’a’Mug & Shaorma Stoke) - Wolstanton - UK"
"2026-04-20","","","","Liana’s (Hug’a’Mug & Shaorma Stoke) - Wolstanton - UK"
"2026-04-23","","","","Liana’s (Hug’a’Mug & Shaorma Stoke) - Wolstanton - UK"
"2026-04-24","","","","Liana’s (Hug’a’Mug & Shaorma Stoke) - Wolstanton - UK"
"2026-04-25","","","","Liana’s (Hug’a’Mug & Shaorma Stoke) - Wolstanton - UK"
"2026-04-28","","","","Liana’s (Hug’a’Mug & Shaorma Stoke) - Wolstanton - UK"
"2026-05-06","","","","Liana’s (Hug’a’Mug & Shaorma Stoke) - Wolstanton - UK"
"2026-05-21","","","","Liana’s (Hug’a’Mug & Shaorma Stoke) - Wolstanton - UK"
"2026-05-22","","","","Liana’s (Hug’a’Mug & Shaorma Stoke) - Wolstanton - UK"
"2026-05-25","","","","Liana’s (Hug’a’Mug & Shaorma Stoke) - Wolstanton - UK"
"2026-05-26","","","","Liana’s (Hug’a’Mug & Shaorma Stoke) - Wolstanton - UK"
"2026-05-29","","","","Liana’s (Hug’a’Mug & Shaorma Stoke) - Wolstanton - UK"
"2026-06-05","","","","Liana’s (Hug’a’Mug & Shaorma Stoke) - Wolstanton - UK"
"2026-06-14","","","","Liana’s (Hug’a’Mug & Shaorma Stoke) - Wolstanton - UK"
"2026-06-20","","","","Liana’s (Hug’a’Mug & Shaorma Stoke) - Wolstanton - UK"
"2026-07-06","","","","Liana’s (Hug’a’Mug & Shaorma Stoke) - Wolstanton - UK"
"2026-07-09","","","","Liana’s (Hug’a’Mug & Shaorma Stoke) - Wolstanton - UK"
"2026-07-12","","","","Liana’s (Hug’a’Mug & Shaorma Stoke) - Wolstanton - UK"
"2026-07-20","","","","Liana’s (Hug’a’Mug & Shaorma Stoke) - Wolstanton - UK"
"2026-07-22","","","","Liana’s (Hug’a’Mug & Shaorma Stoke) - Wolstanton - UK"
"2026-07-29","","","","Liana’s (Hug’a’Mug & Shaorma Stoke) - Wolstanton - UK"
"2026-07-31","","","","Liana’s (Hug’a’Mug & Shaorma Stoke) - Wolstanton - UK"
"2026-08-01","","","","Liana’s (Hug’a’Mug & Shaorma Stoke) - Wolstanton - UK"
"2026-08-18","","","","Liana’s (Hug’a’Mug & Shaorma Stoke) - Wolstanton - UK"
"2026-08-20","","","","Liana’s (Hug’a’Mug & Shaorma Stoke) - Wolstanton - UK"
"2026-08-23","","","","Liana’s (Hug’a’Mug & Shaorma Stoke) - Wolstanton - UK"
"2026-08-26","","","","Liana’s (Hug’a’Mug & Shaorma Stoke) - Wolstanton - UK"
"2026-08-31","","","","Liana’s (Hug’a’Mug & Shaorma Stoke) - Wolstanton - UK"
"2026-09-15","","","","Liana’s (Hug’a’Mug & Shaorma Stoke) - Wolstanton - UK"
"2026-09-17","","","","Liana’s (Hug’a’Mug & Shaorma Stoke) - Wolstanton - UK"
"2026-09-30","","","","Liana’s (Hug’a’Mug & Shaorma Stoke) - Wolstanton - UK"
"2026-10-07","","","","Liana’s (Hug’a’Mug & Shaorma Stoke) - Wolstanton - UK"
"2026-10-08","","","","Liana’s (Hug’a’Mug & Shaorma Stoke) - Wolstanton - UK"
"2026-10-22","","","","Liana’s (Hug’a’Mug & Shaorma Stoke) - Wolstanton - UK"
"2026-11-04","","","","Liana’s (Hug’a’Mug & Shaorma Stoke) - Wolstanton - UK"
"2026-11-10","","","","Liana’s (Hug’a’Mug & Shaorma Stoke) - Wolstanton - UK"
"2026-11-19","","","","Liana’s (Hug’a’Mug & Shaorma Stoke) - Wolstanton - UK"
"2026-11-20","","","","Liana’s (Hug’a’Mug & Shaorma Stoke) - Wolstanton - UK"
"2026-11-27","","","","Liana’s (Hug’a’Mug & Shaorma Stoke) - Wolstanton - UK"
"2026-12-13","","","","Liana’s (Hug’a’Mug & Shaorma Stoke) - Wolstanton - UK"
"2026-12-15","","","","Liana’s (Hug’a’Mug & Shaorma Stoke) - Wolstanton - UK"
"2026-12-18","","","","Liana’s (Hug’a’Mug & Shaorma Stoke) - Wolstanton - UK"
"2026-12-19","","","","Liana’s (Hug’a’Mug & Shaorma Stoke) - Wolstanton - UK"
"2026-12-22","","","","Liana’s (Hug’a’Mug & Shaorma Stoke) - Wolstanton - UK"
"2026-12-25","","","","Liana’s (Hug’a’Mug & Shaorma Stoke) - Wolstanton - UK"
"2026-12-31","","","","Liana’s (Hug’a’Mug & Shaorma Stoke) - Wolstanton - UK"
"2026-01-10","","","","Chesters-Bolton-UK"
"2026-01-14","","","","Chesters-Bolton-UK"
"2026-02-04","","","","Chesters-Bolton-UK"
"2026-02-05","","","","Chesters-Bolton-UK"
"2026-02-21","","","","Chesters-Bolton-UK"
"2026-03-09","","","","Chesters-Bolton-UK"
"2026-03-10","","","","Chesters-Bolton-UK"
"2026-04-16","","","","Chesters-Bolton-UK"
"2026-04-22","","","","Chesters-Bolton-UK"
"2026-04-30","","","","Chesters-Bolton-UK"
"2026-05-15","","","","Chesters-Bolton-UK"
"2026-05-18","","","","Chesters-Bolton-UK"
"2026-05-22","","","","Chesters-Bolton-UK"
"2026-05-27","","","","Chesters-Bolton-UK"
"2026-06-05","","","","Chesters-Bolton-UK"
"2026-06-12","","","","Chesters-Bolton-UK"
"2026-06-17","","","","Chesters-Bolton-UK"
"2026-06-27","","","","Chesters-Bolton-UK"
"2026-06-28","","","","Chesters-Bolton-UK"
"2026-07-02","","","","Chesters-Bolton-UK"
"2026-07-04","","","","Chesters-Bolton-UK"
"2026-07-07","","","","Chesters-Bolton-UK"
"2026-07-22","","","","Chesters-Bolton-UK"
"2026-07-27","","","","Chesters-Bolton-UK"
"2026-08-11","","","","Chesters-Bolton-UK"
"2026-08-29","","","","Chesters-Bolton-UK"
"2026-09-15","","","","Chesters-Bolton-UK"
"2026-09-16","","","","Chesters-Bolton-UK"
"2026-09-20","","","","Chesters-Bolton-UK"
"2026-10-06","","","","Chesters-Bolton-UK"
"2026-10-15","","","","Chesters-Bolton-UK"
"2026-11-04","","","","Chesters-Bolton-UK"
"2026-11-05","","","","Chesters-Bolton-UK"
"2026-11-11","","","","Chesters-Bolton-UK"
"2026-11-13","","","","Chesters-Bolton-UK"
"2026-11-26","","","","Chesters-Bolton-UK"
"2026-12-07","","","","Chesters-Bolton-UK"
"2026-12-26","","","","Chesters-Bolton-UK"
"2026-01-27","","","","Goodfellas Grill & Kebab House-Wayte St Portsmouth-UK"
"2026-02-07","","","","Goodfellas Grill & Kebab House-Wayte St Portsmouth-UK"
"2026-02-18","","","","Goodfellas Grill & Kebab House-Wayte St Portsmouth-UK"
"2026-03-11","","","","Goodfellas Grill & Kebab House-Wayte St Portsmouth-UK"
"2026-03-15","","","","Goodfellas Grill & Kebab House-Wayte St Portsmouth-UK"
"2026-03-20","","","","Goodfellas Grill & Kebab House-Wayte St Portsmouth-UK"
"2026-03-23","","","","Goodfellas Grill & Kebab House-Wayte St Portsmouth-UK"
"2026-03-24","","","","Goodfellas Grill & Kebab House-Wayte St Portsmouth-UK"
"2026-04-02","","","","Goodfellas Grill & Kebab House-Wayte St Portsmouth-UK"
"2026-04-04","","","","Goodfellas Grill & Kebab House-Wayte St Portsmouth-UK"
"2026-04-18","","","","Goodfellas Grill & Kebab House-Wayte St Portsmouth-UK"
"2026-04-23","","","","Goodfellas Grill & Kebab House-Wayte St Portsmouth-UK"
"2026-04-27","","","","Goodfellas Grill & Kebab House-Wayte St Portsmouth-UK"
"2026-04-30","","","","Goodfellas Grill & Kebab House-Wayte St Portsmouth-UK"
"2026-05-01","","","","Goodfellas Grill & Kebab House-Wayte St Portsmouth-UK"
"2026-05-16","","","","Goodfellas Grill & Kebab House-Wayte St Portsmouth-UK"
"2026-05-18","","","","Goodfellas Grill & Kebab House-Wayte St Portsmouth-UK"
"2026-05-19","","","","Goodfellas Grill & Kebab House-Wayte St Portsmouth-UK"
"2026-05-21","","","","Goodfellas Grill & Kebab House-Wayte St Portsmouth-UK"
"2026-05-29","","","","Goodfellas Grill & Kebab House-Wayte St Portsmouth-UK"
"2026-05-31","","","","Goodfellas Grill & Kebab House-Wayte St Portsmouth-UK"
"2026-06-04","","","","Goodfellas Grill & Kebab House-Wayte St Portsmouth-UK"
"2026-06-07","","","","Goodfellas Grill & Kebab House-Wayte St Portsmouth-UK"
"2026-06-08","","","","Goodfellas Grill & Kebab House-Wayte St Portsmouth-UK"
"2026-06-11","","","","Goodfellas Grill & Kebab House-Wayte St Portsmouth-UK"
"2026-06-22","","","","Goodfellas Grill & Kebab House-Wayte St Portsmouth-UK"
"2026-07-09","","","","Goodfellas Grill & Kebab House-Wayte St Portsmouth-UK"
"2026-07-10","","","","Goodfellas Grill & Kebab House-Wayte St Portsmouth-UK"
"2026-07-11","","","","Goodfellas Grill & Kebab House-Wayte St Portsmouth-UK"
"2026-07-12","","","","Goodfellas Grill & Kebab House-Wayte St Portsmouth-UK"
"2026-07-16","","","","Goodfellas Grill & Kebab House-Wayte St Portsmouth-UK"
"2026-07-23","","","","Goodfellas Grill & Kebab House-Wayte St Portsmouth-UK"
"2026-07-30","","","","Goodfellas Grill & Kebab House-Wayte St Portsmouth-UK"
"2026-08-15","","","","Goodfellas Grill & Kebab House-Wayte St Portsmouth-UK"
"2026-08-17","","","","Goodfellas Grill & Kebab House-Wayte St Portsmouth-UK"
"2026-08-19","","","","Goodfellas Grill & Kebab House-Wayte St Portsmouth-UK"
"2026-09-08","","","","Goodfellas Grill & Kebab House-Wayte St Portsmouth-UK"
"2026-09-20","","","","Goodfellas Grill & Kebab House-Wayte St Portsmouth-UK"
"2026-10-06","","","","Goodfellas Grill & Kebab House-Wayte St Portsmouth-UK"
"2026-10-12","","","","Goodfellas Grill & Kebab House-Wayte St Portsmouth-UK"
"2026-10-14","","","","Goodfellas Grill & Kebab House-Wayte St Portsmouth-UK"
"2026-10-25","","","","Goodfellas Grill & Kebab House-Wayte St Portsmouth-UK"
"2026-10-27","","","","Goodfellas Grill & Kebab House-Wayte St Portsmouth-UK"
"2026-11-12","","","","Goodfellas Grill & Kebab House-Wayte St Portsmouth-UK"
"2026-11-16","","","","Goodfellas Grill & Kebab House-Wayte St Portsmouth-UK"
"2026-11-30","","","","Goodfellas Grill & Kebab House-Wayte St Portsmouth-UK"
"2026-12-13","","","","Goodfellas Grill & Kebab House-Wayte St Portsmouth-UK"
"2026-01-07",18.0,18.0,1,"Chunky Chicken-Glasgow-UK"
"2026-01-11",16.5,16.5,1,"Chunky Chicken-Glasgow-UK"
"2026-01-22","","","","Chunky Chicken-Glasgow-UK"
"2026-01-30","","","","Chunky Chicken-Glasgow-UK"
"2026-02-03","","","","Chunky Chicken-Glasgow-UK"
"2026-02-07","","","","Chunky Chicken-Glasgow-UK"
"2026-02-08","","","","Chunky Chicken-Glasgow-UK"
"2026-02-22","","","","Chunky Chicken-Glasgow-UK"
"2026-03-09","","","","Chunky Chicken-Glasgow-UK"
"2026-03-16","","","","Chunky Chicken-Glasgow-UK"
"2026-03-20","","","","Chunky Chicken-Glasgow-UK"
"2026-03-21","","","","Chunky Chicken-Glasgow-UK"
"2026-03-24","","","","Chunky Chicken-Glasgow-UK"
"2026-03-30","","","","Chunky Chicken-Glasgow-UK"
"2026-04-04","","","","Chunky Chicken-Glasgow-UK"
"2026-04-09","","","","Chunky Chicken-Glasgow-UK"
"2026-04-10","","","","Chunky Chicken-Glasgow-UK"
"2026-04-11","","","","Chunky Chicken-Glasgow-UK"
"2026-05-15","","","","Chunky Chicken-Glasgow-UK"
"2026-05-16","","","","Chunky Chicken-Glasgow-UK"
"2026-05-18","","","","Chunky Chicken-Glasgow-UK"
"2026-05-25","","","","Chunky Chicken-Glasgow-UK"
"2026-05-27","","","","Chunky Chicken-Glasgow-UK"
"2026-05-29","","","","Chunky Chicken-Glasgow-UK"
"2026-06-09","","","","Chunky Chicken-Glasgow-UK"
"2026-06-11","","","","Chunky Chicken-Glasgow-UK"
"2026-06-15","","","","Chunky Chicken-Glasgow-UK"
"2026-06-18","","","","Chunky Chicken-Glasgow-UK"
"2026-06-25","","","","Chunky Chicken-Glasgow-UK"
"2026-07-18","","","","Chunky Chicken-Glasgow-UK"
"2026-07-20","","","","Chunky Chicken-Glasgow-UK"
"2026-07-21","","","","Chunky Chicken-Glasgow-UK"
"2026-07-31","","","","Chunky Chicken-Glasgow-UK"
"2026-08-01","","","","Chunky Chicken-Glasgow-UK"
"2026-08-08","","","","Chunky Chicken-Glasgow-UK"
"2026-08-11","","","","Chunky Chicken-Glasgow-UK"
"2026-08-18","","","","Chunky Chicken-Glasgow-UK"
"2026-09-20","","","","Chunky Chicken-Glasgow-UK"
"2026-09-28","","","","Chunky Chicken-Glasgow-UK"
"2026-10-04","","","","Chunky Chicken-Glasgow-UK"
"2026-10-06","","","","Chunky Chicken-Glasgow-UK"
"2026-10-17","","","","Chunky Chicken-Glasgow-UK"
"2026-10-21","","","","Chunky Chicken-Glasgow-UK"
"2026-10-22","","","","Chunky Chicken-Glasgow-UK"
"2026-10-31","","","","Chunky Chicken-Glasgow-UK"
"2026-11-08","","","","Chunky Chicken-Glasgow-UK"
"2026-11-12","","","","Chunky Chicken-Glasgow-UK"
"2026-11-19","","","","Chunky Chicken-Glasgow-UK"
"2026-11-20","","","","Chunky Chicken-Glasgow-UK"
"2026-11-27","","","","Chunky Chicken-Glasgow-UK"
"2026-11-30","","","","Chunky Chicken-Glasgow-UK"
"2026-12-06","","","","Chunky Chicken-Glasgow-UK"
"2026-12-11","","","","Chunky Chicken-Glasgow-UK"
"2026-12-19","","","","Chunky Chicken-Glasgow-UK"
"2026-12-26","","","","Chunky Chicken-Glasgow-UK"
"2026-01-09",12.07,15.88,1,"Liana’s (Hug’a’Mug & Shaorma Stoke) - Wolstanton - UK"
"2026-01-11","","","","Liana’s (Hug’a’Mug & Shaorma Stoke) - Wolstanton - UK"
"2026-01-13","","","","Liana’s (Hug’a’Mug & Shaorma Stoke) - Wolstanton - UK"
"2026-01-19","","","","Liana’s (Hug’a’Mug & Shaorma Stoke) - Wolstanton - UK"
"2026-01-29","","","","Liana’s (Hug’a’Mug & Shaorma Stoke) - Wolstanton - UK"
"2026-02-01","","","","Liana’s (Hug’a’Mug & Shaorma Stoke) - Wolstanton - UK"
"2026-02-07","","","","Liana’s (Hug’a’Mug & Shaorma Stoke) - Wolstanton - UK"
"2026-02-15","","","","Liana’s (Hug’a’Mug & Shaorma Stoke) - Wolstanton - UK"
"2026-02-22","","","","Liana’s (Hug’a’Mug & Shaorma Stoke) - Wolstanton - UK"
"2026-03-03","","","","Liana’s (Hug’a’Mug & Shaorma Stoke) - Wolstanton - UK"
"2026-03-11","","","","Liana’s (Hug’a’Mug & Shaorma Stoke) - Wolstanton - UK"
"2026-03-17","","","","Liana’s (Hug’a’Mug & Shaorma Stoke) - Wolstanton - UK"
"2026-03-22","","","","Liana’s (Hug’a’Mug & Shaorma Stoke) - Wolstanton - UK"
"2026-03-25","","","","Liana’s (Hug’a’Mug & Shaorma Stoke) - Wolstanton - UK"
"2026-04-03","","","","Liana’s (Hug’a’Mug & Shaorma Stoke) - Wolstanton - UK"
"2026-04-09","","","","Liana’s (Hug’a’Mug & Shaorma Stoke) - Wolstanton - UK"
"2026-04-14","","","","Liana’s (Hug’a’Mug & Shaorma Stoke) - Wolstanton - UK"
"2026-04-22","","","","Liana’s (Hug’a’Mug & Shaorma Stoke) - Wolstanton - UK"
"2026-05-03","","","","Liana’s (Hug’a’Mug & Shaorma Stoke) - Wolstanton - UK"
"2026-05-07","","","","Liana’s (Hug’a’Mug & Shaorma Stoke) - Wolstanton - UK"
"2026-05-17","","","","Liana’s (Hug’a’Mug & Shaorma Stoke) - Wolstanton - UK"
"2026-05-18","","","","Liana’s (Hug’a’Mug & Shaorma Stoke) - Wolstanton - UK"
"2026-05-30","","","","Liana’s (Hug’a’Mug & Shaorma Stoke) - Wolstanton - UK"
"2026-05-31","","","","Liana’s (Hug’a’Mug & Shaorma Stoke) - Wolstanton - UK"
"2026-06-16","","","","Liana’s (Hug’a’Mug & Shaorma Stoke) - Wolstanton - UK"
"2026-06-19","","","","Liana’s (Hug’a’Mug & Shaorma Stoke) - Wolstanton - UK"
"2026-06-22","","","","Liana’s (Hug’a’Mug & Shaorma Stoke) - Wolstanton - UK"
"2026-06-27","","","","Liana’s (Hug’a’Mug & Shaorma Stoke) - Wolstanton - UK"
"2026-06-28","","","","Liana’s (Hug’a’Mug & Shaorma Stoke) - Wolstanton - UK"
"2026-07-15","","","","Liana’s (Hug’a’Mug & Shaorma Stoke) - Wolstanton - UK"
"2026-07-17","","","","Liana’s (Hug’a’Mug & Shaorma Stoke) - Wolstanton - UK"
"2026-07-23","","","","Liana’s (Hug’a’Mug & Shaorma Stoke) - Wolstanton - UK"
"2026-07-24","","","","Liana’s (Hug’a’Mug & Shaorma Stoke) - Wolstanton - UK"
"2026-07-28","","","","Liana’s (Hug’a’Mug & Shaorma Stoke) - Wolstanton - UK"
"2026-07-30","","","","Liana’s (Hug’a’Mug & Shaorma Stoke) - Wolstanton - UK"
"2026-08-13","","","","Liana’s (Hug’a’Mug & Shaorma Stoke) - Wolstanton - UK"
"2026-08-30","","","","Liana’s (Hug’a’Mug & Shaorma Stoke) - Wolstanton - UK"
"2026-09-01","","","","Liana’s (Hug’a’Mug & Shaorma Stoke) - Wolstanton - UK"
"2026-09-07","","","","Liana’s (Hug’a’Mug & Shaorma Stoke) - Wolstanton - UK"
"2026-10-03","","","","Liana’s (Hug’a’Mug & Shaorma Stoke) - Wolstanton - UK"
"2026-10-05","","","","Liana’s (Hug’a’Mug & Shaorma Stoke) - Wolstanton - UK"
"2026-10-13","","","","Liana’s (Hug’a’Mug & Shaorma Stoke) - Wolstanton - UK"
"2026-10-20","","","","Liana’s (Hug’a’Mug & Shaorma Stoke) - Wolstanton - UK"
"2026-10-29","","","","Liana’s (Hug’a’Mug & Shaorma Stoke) - Wolstanton - UK"
"2026-11-09","","","","Liana’s (Hug’a’Mug & Shaorma Stoke) - Wolstanton - UK"
"2026-11-11","","","","Liana’s (Hug’a’Mug & Shaorma Stoke) - Wolstanton - UK"
"2026-12-01","","","","Liana’s (Hug’a’Mug & Shaorma Stoke) - Wolstanton - UK"
"2026-12-10","","","","Liana’s (Hug’a’Mug & Shaorma Stoke) - Wolstanton - UK"
"2026-12-16","","","","Liana’s (Hug’a’Mug & Shaorma Stoke) - Wolstanton - UK"
"2026-12-23","","","","Liana’s (Hug’a’Mug & Shaorma Stoke) - Wolstanton - UK"
"2026-12-28","","","","Liana’s (Hug’a’Mug & Shaorma Stoke) - Wolstanton - UK"
"2026-12-29","","","","Liana’s (Hug’a’Mug & Shaorma Stoke) - Wolstanton - UK"
"2026-12-30","","","","Liana’s (Hug’a’Mug & Shaorma Stoke) - Wolstanton - UK"
"2026-01-05",12.0,12.0,1,"Chesters-Bolton-UK"
"2026-01-07","","","","Chesters-Bolton-UK"
"2026-01-17","","","","Chesters-Bolton-UK"
"2026-01-25","","","","Chesters-Bolton-UK"
"2026-01-29","","","","Chesters-Bolton-UK"
"2026-02-16","","","","Chesters-Bolton-UK"
"2026-02-17","","","","Chesters-Bolton-UK"
"2026-02-25","","","","Chesters-Bolton-UK"
"2026-03-05","","","","Chesters-Bolton-UK"
"2026-03-06","","","","Chesters-Bolton-UK"
"2026-03-07","","","","Chesters-Bolton-UK"
"2026-03-12","","","","Chesters-Bolton-UK"
"2026-03-18","","","","Chesters-Bolton-UK"
"2026-03-23","","","","Chesters-Bolton-UK"
"2026-03-26","","","","Chesters-Bolton-UK"
"2026-03-27","","","","Chesters-Bolton-UK"
"2026-03-29","","","","Chesters-Bolton-UK"
"2026-03-30","","","","Chesters-Bolton-UK"
"2026-04-03","","","","Chesters-Bolton-UK"
"2026-04-14","","","","Chesters-Bolton-UK"
"2026-04-15","","","","Chesters-Bolton-UK"
"2026-04-17","","","","Chesters-Bolton-UK"
"2026-04-21","","","","Chesters-Bolton-UK"
"2026-04-26","","","","Chesters-Bolton-UK"
"2026-04-29","","","","Chesters-Bolton-UK"
"2026-05-11","","","","Chesters-Bolton-UK"
"2026-05-12","","","","Chesters-Bolton-UK"
"2026-06-01","","","","Chesters-Bolton-UK"
"2026-06-06","","","","Chesters-Bolton-UK"
"2026-06-20","","","","Chesters-Bolton-UK"
"2026-06-25","","","","Chesters-Bolton-UK"
"2026-06-26","","","","Chesters-Bolton-UK"
"2026-07-18","","","","Chesters-Bolton-UK"
"2026-07-23","","","","Chesters-Bolton-UK"
"2026-07-29","","","","Chesters-Bolton-UK"
"2026-08-04","","","","Chesters-Bolton-UK"
"2026-08-12","","","","Chesters-Bolton-UK"
"2026-08-14","","","","Chesters-Bolton-UK"
"2026-08-25","","","","Chesters-Bolton-UK"
"2026-08-30","","","","Chesters-Bolton-UK"
"2026-09-01","","","","Chesters-Bolton-UK"
"2026-09-02","","","","Chesters-Bolton-UK"
"2026-09-18","","","","Chesters-Bolton-UK"
"2026-09-27","","","","Chesters-Bolton-UK"
"2026-10-03","","","","Chesters-Bolton-UK"
"2026-10-08","","","","Chesters-Bolton-UK"
"2026-10-09","","","","Chesters-Bolton-UK"
"2026-10-20","","","","Chesters-Bolton-UK"
"2026-10-26","","","","Chesters-Bolton-UK"
"2026-11-12","","","","Chesters-Bolton-UK"
"2026-11-24","","","","Chesters-Bolton-UK"
"2026-11-28","","","","Chesters-Bolton-UK"
"2026-12-05","","","","Chesters-Bolton-UK"
"2026-12-25","","","","Chesters-Bolton-UK"
"2027-01-01","","","","Chesters-Bolton-UK"
"2026-01-06","","","","Goodfellas Grill & Kebab House-Wayte St Portsmouth-UK"
"2026-01-08",24.0,24.0,1,"Goodfellas Grill & Kebab House-Wayte St Portsmouth-UK"
"2026-01-12",45.0,45.0,1,"Goodfellas Grill & Kebab House-Wayte St Portsmouth-UK"
"2026-02-01","","","","Goodfellas Grill & Kebab House-Wayte St Portsmouth-UK"
"2026-02-03","","","","Goodfellas Grill & Kebab House-Wayte St Portsmouth-UK"
"2026-02-15","","","","Goodfellas Grill & Kebab House-Wayte St Portsmouth-UK"
"2026-02-17","","","","Goodfellas Grill & Kebab House-Wayte St Portsmouth-UK"
"2026-02-20","","","","Goodfellas Grill & Kebab House-Wayte St Portsmouth-UK"
"2026-02-22","","","","Goodfellas Grill & Kebab House-Wayte St Portsmouth-UK"
"2026-03-02","","","","Goodfellas Grill & Kebab House-Wayte St Portsmouth-UK"
"2026-03-07","","","","Goodfellas Grill & Kebab House-Wayte St Portsmouth-UK"
"2026-03-13","","","","Goodfellas Grill & Kebab House-Wayte St Portsmouth-UK"
"2026-03-14","","","","Goodfellas Grill & Kebab House-Wayte St Portsmouth-UK"
"2026-03-25","","","","Goodfellas Grill & Kebab House-Wayte St Portsmouth-UK"
"2026-03-29","","","","Goodfellas Grill & Kebab House-Wayte St Portsmouth-UK"
"2026-04-05","","","","Goodfellas Grill & Kebab House-Wayte St Portsmouth-UK"
"2026-04-07","","","","Goodfellas Grill & Kebab House-Wayte St Portsmouth-UK"
"2026-04-29","","","","Goodfellas Grill & Kebab House-Wayte St Portsmouth-UK"
"2026-05-03","","","","Goodfellas Grill & Kebab House-Wayte St Portsmouth-UK"
"2026-05-05","","","","Goodfellas Grill & Kebab House-Wayte St Portsmouth-UK"
"2026-05-10","","","","Goodfellas Grill & Kebab House-Wayte St Portsmouth-UK"
"2026-05-11","","","","Goodfellas Grill & Kebab House-Wayte St Portsmouth-UK"
"2026-05-20","","","","Goodfellas Grill & Kebab House-Wayte St Portsmouth-UK"
"2026-05-24","","","","Goodfellas Grill & Kebab House-Wayte St Portsmouth-UK"
"2026-06-13","","","","Goodfellas Grill & Kebab House-Wayte St Portsmouth-UK"
"2026-06-18","","","","Goodfellas Grill & Kebab House-Wayte St Portsmouth-UK"
"2026-07-18","","","","Goodfellas Grill & Kebab House-Wayte St Portsmouth-UK"
"2026-08-04","","","","Goodfellas Grill & Kebab House-Wayte St Portsmouth-UK"
"2026-08-06","","","","Goodfellas Grill & Kebab House-Wayte St Portsmouth-UK"
"2026-08-12","","","","Goodfellas Grill & Kebab House-Wayte St Portsmouth-UK"
"2026-08-13","","","","Goodfellas Grill & Kebab House-Wayte St Portsmouth-UK"
"2026-08-23","","","","Goodfellas Grill & Kebab House-Wayte St Portsmouth-UK"
"2026-08-25","","","","Goodfellas Grill & Kebab House-Wayte St Portsmouth-UK"
"2026-08-30","","","","Goodfellas Grill & Kebab House-Wayte St Portsmouth-UK"
"2026-09-01","","","","Goodfellas Grill & Kebab House-Wayte St Portsmouth-UK"
"2026-09-03","","","","Goodfellas Grill & Kebab House-Wayte St Portsmouth-UK"
"2026-09-10","","","","Goodfellas Grill & Kebab House-Wayte St Portsmouth-UK"
"2026-09-12","","","","Goodfellas Grill & Kebab House-Wayte St Portsmouth-UK"
"2026-09-17","","","","Goodfellas Grill & Kebab House-Wayte St Portsmouth-UK"
"2026-09-18","","","","Goodfellas Grill & Kebab House-Wayte St Portsmouth-UK"
"2026-09-21","","","","Goodfellas Grill & Kebab House-Wayte St Portsmouth-UK"
"2026-09-24","","","","Goodfellas Grill & Kebab House-Wayte St Portsmouth-UK"
"2026-10-07","","","","Goodfellas Grill & Kebab House-Wayte St Portsmouth-UK"
"2026-10-13","","","","Goodfellas Grill & Kebab House-Wayte St Portsmouth-UK"
"2026-10-21","","","","Goodfellas Grill & Kebab House-Wayte St Portsmouth-UK"
"2026-10-28","","","","Goodfellas Grill & Kebab House-Wayte St Portsmouth-UK"
"2026-10-29","","","","Goodfellas Grill & Kebab House-Wayte St Portsmouth-UK"
"2026-11-01","","","","Goodfellas Grill & Kebab House-Wayte St Portsmouth-UK"
"2026-11-05","","","","Goodfellas Grill & Kebab House-Wayte St Portsmouth-UK"
"2026-11-10","","","","Goodfellas Grill & Kebab House-Wayte St Portsmouth-UK"
"2026-11-14","","","","Goodfellas Grill & Kebab House-Wayte St Portsmouth-UK"
"2026-11-21","","","","Goodfellas Grill & Kebab House-Wayte St Portsmouth-UK"
"2026-12-08","","","","Goodfellas Grill & Kebab House-Wayte St Portsmouth-UK"
"2026-12-15","","","","Goodfellas Grill & Kebab House-Wayte St Portsmouth-UK"
"2026-12-18","","","","Goodfellas Grill & Kebab House-Wayte St Portsmouth-UK"
"2026-12-20","","","","Goodfellas Grill & Kebab House-Wayte St Portsmouth-UK"
"2026-12-23","","","","Goodfellas Grill & Kebab House-Wayte St Portsmouth-UK"
"2026-12-25","","","","Goodfellas Grill & Kebab House-Wayte St Portsmouth-UK"
"2027-01-01","","","","Goodfellas Grill & Kebab House-Wayte St Portsmouth-UK"
"2026-01-02",44.25,44.25,2,"Chunky Chicken-Glasgow-UK"
"2026-01-04",45.75,45.75,2,"Chunky Chicken-Glasgow-UK"
"2026-01-06","","","","Chunky Chicken-Glasgow-UK"
"2026-01-10",12.0,12.0,1,"Chunky Chicken-Glasgow-UK"
"2026-01-14","","","","Chunky Chicken-Glasgow-UK"
"2026-02-02","","","","Chunky Chicken-Glasgow-UK"
"2026-02-14","","","","Chunky Chicken-Glasgow-UK"
"2026-02-23","","","","Chunky Chicken-Glasgow-UK"
"2026-02-28","","","","Chunky Chicken-Glasgow-UK"
"2026-03-03","","","","Chunky Chicken-Glasgow-UK"
"2026-03-04","","","","Chunky Chicken-Glasgow-UK"
"2026-03-05","","","","Chunky Chicken-Glasgow-UK"
"2026-03-10","","","","Chunky Chicken-Glasgow-UK"
"2026-04-02","","","","Chunky Chicken-Glasgow-UK"
"2026-04-03","","","","Chunky Chicken-Glasgow-UK"
"2026-04-17","","","","Chunky Chicken-Glasgow-UK"
"2026-05-01","","","","Chunky Chicken-Glasgow-UK"
"2026-05-08","","","","Chunky Chicken-Glasgow-UK"
"2026-05-19","","","","Chunky Chicken-Glasgow-UK"
"2026-05-20","","","","Chunky Chicken-Glasgow-UK"
"2026-06-04","","","","Chunky Chicken-Glasgow-UK"
"2026-06-07","","","","Chunky Chicken-Glasgow-UK"
"2026-06-14","","","","Chunky Chicken-Glasgow-UK"
"2026-06-16","","","","Chunky Chicken-Glasgow-UK"
"2026-07-01","","","","Chunky Chicken-Glasgow-UK"
"2026-07-02","","","","Chunky Chicken-Glasgow-UK"
"2026-07-08","","","","Chunky Chicken-Glasgow-UK"
"2026-07-26","","","","Chunky Chicken-Glasgow-UK"
"2026-08-03","","","","Chunky Chicken-Glasgow-UK"
"2026-08-12","","","","Chunky Chicken-Glasgow-UK"
"2026-08-14","","","","Chunky Chicken-Glasgow-UK"
"2026-08-17","","","","Chunky Chicken-Glasgow-UK"
"2026-08-20","","","","Chunky Chicken-Glasgow-UK"
"2026-08-21","","","","Chunky Chicken-Glasgow-UK"
"2026-08-26","","","","Chunky Chicken-Glasgow-UK"
"2026-08-31","","","","Chunky Chicken-Glasgow-UK"
"2026-09-02","","","","Chunky Chicken-Glasgow-UK"
"2026-09-08","","","","Chunky Chicken-Glasgow-UK"
"2026-09-17","","","","Chunky Chicken-Glasgow-UK"
"2026-09-18","","","","Chunky Chicken-Glasgow-UK"
"2026-09-24","","","","Chunky Chicken-Glasgow-UK"
"2026-09-26","","","","Chunky Chicken-Glasgow-UK"
"2026-10-07","","","","Chunky Chicken-Glasgow-UK"
"2026-10-08","","","","Chunky Chicken-Glasgow-UK"
"2026-11-02","","","","Chunky Chicken-Glasgow-UK"
"2026-11-04","","","","Chunky Chicken-Glasgow-UK"
"2026-11-18","","","","Chunky Chicken-Glasgow-UK"
"2026-11-22","","","","Chunky Chicken-Glasgow-UK"
"2026-11-25","","","","Chunky Chicken-Glasgow-UK"
"2026-12-01","","","","Chunky Chicken-Glasgow-UK"
"2026-12-04","","","","Chunky Chicken-Glasgow-UK"
"2026-12-07","","","","Chunky Chicken-Glasgow-UK"
"2026-12-09","","","","Chunky Chicken-Glasgow-UK"
"2026-12-22","","","","Chunky Chicken-Glasgow-UK"
"2026-12-24","","","","Chunky Chicken-Glasgow-UK"
"2026-12-27","","","","Chunky Chicken-Glasgow-UK"
"2026-12-31","","","","Chunky Chicken-Glasgow-UK"
"2026-01-02",40.52,50.95,2,"Liana’s (Hug’a’Mug & Shaorma Stoke) - Wolstanton - UK"
"2026-01-14",77.2,87.06,2,"Liana’s (Hug’a’Mug & Shaorma Stoke) - Wolstanton - UK"
"2026-01-27","","","","Liana’s (Hug’a’Mug & Shaorma Stoke) - Wolstanton - UK"
"2026-01-28","","","","Liana’s (Hug’a’Mug & Shaorma Stoke) - Wolstanton - UK"
"2026-02-02","","","","Liana’s (Hug’a’Mug & Shaorma Stoke) - Wolstanton - UK"
"2026-02-14","","","","Liana’s (Hug’a’Mug & Shaorma Stoke) - Wolstanton - UK"
"2026-02-18","","","","Liana’s (Hug’a’Mug & Shaorma Stoke) - Wolstanton - UK"
"2026-02-27","","","","Liana’s (Hug’a’Mug & Shaorma Stoke) - Wolstanton - UK"
"2026-03-02","","","","Liana’s (Hug’a’Mug & Shaorma Stoke) - Wolstanton - UK"
"2026-03-07","","","","Liana’s (Hug’a’Mug & Shaorma Stoke) - Wolstanton - UK"
"2026-03-08","","","","Liana’s (Hug’a’Mug & Shaorma Stoke) - Wolstanton - UK"
"2026-03-12","","","","Liana’s (Hug’a’Mug & Shaorma Stoke) - Wolstanton - UK"
"2026-03-28","","","","Liana’s (Hug’a’Mug & Shaorma Stoke) - Wolstanton - UK"
"2026-03-29","","","","Liana’s (Hug’a’Mug & Shaorma Stoke) - Wolstanton - UK"
"2026-03-30","","","","Liana’s (Hug’a’Mug & Shaorma Stoke) - Wolstanton - UK"
"2026-04-02","","","","Liana’s (Hug’a’Mug & Shaorma Stoke) - Wolstanton - UK"
"2026-04-13","","","","Liana’s (Hug’a’Mug & Shaorma Stoke) - Wolstanton - UK"
"2026-04-15","","","","Liana’s (Hug’a’Mug & Shaorma Stoke) - Wolstanton - UK"
"2026-04-21","","","","Liana’s (Hug’a’Mug & Shaorma Stoke) - Wolstanton - UK"
"2026-04-30","","","","Liana’s (Hug’a’Mug & Shaorma Stoke) - Wolstanton - UK"
"2026-05-02","","","","Liana’s (Hug’a’Mug & Shaorma Stoke) - Wolstanton - UK"
"2026-05-20","","","","Liana’s (Hug’a’Mug & Shaorma Stoke) - Wolstanton - UK"
"2026-05-24","","","","Liana’s (Hug’a’Mug & Shaorma Stoke) - Wolstanton - UK"
"2026-05-27","","","","Liana’s (Hug’a’Mug & Shaorma Stoke) - Wolstanton - UK"
"2026-06-06","","","","Liana’s (Hug’a’Mug & Shaorma Stoke) - Wolstanton - UK"
"2026-07-11","","","","Liana’s (Hug’a’Mug & Shaorma Stoke) - Wolstanton - UK"
"2026-07-13","","","","Liana’s (Hug’a’Mug & Shaorma Stoke) - Wolstanton - UK"
"2026-07-26","","","","Liana’s (Hug’a’Mug & Shaorma Stoke) - Wolstanton - UK"
"2026-08-02","","","","Liana’s (Hug’a’Mug & Shaorma Stoke) - Wolstanton - UK"
"2026-08-05","","","","Liana’s (Hug’a’Mug & Shaorma Stoke) - Wolstanton - UK"
"2026-08-07","","","","Liana’s (Hug’a’Mug & Shaorma Stoke) - Wolstanton - UK"
"2026-08-09","","","","Liana’s (Hug’a’Mug & Shaorma Stoke) - Wolstanton - UK"
"2026-08-14","","","","Liana’s (Hug’a’Mug & Shaorma Stoke) - Wolstanton - UK"
"2026-08-15","","","","Liana’s (Hug’a’Mug & Shaorma Stoke) - Wolstanton - UK"
"2026-08-21","","","","Liana’s (Hug’a’Mug & Shaorma Stoke) - Wolstanton - UK"
"2026-09-02","","","","Liana’s (Hug’a’Mug & Shaorma Stoke) - Wolstanton - UK"
"2026-09-03","","","","Liana’s (Hug’a’Mug & Shaorma Stoke) - Wolstanton - UK"
"2026-09-10","","","","Liana’s (Hug’a’Mug & Shaorma Stoke) - Wolstanton - UK"
"2026-09-20","","","","Liana’s (Hug’a’Mug & Shaorma Stoke) - Wolstanton - UK"
"2026-09-23","","","","Liana’s (Hug’a’Mug & Shaorma Stoke) - Wolstanton - UK"
"2026-10-15","","","","Liana’s (Hug’a’Mug & Shaorma Stoke) - Wolstanton - UK"
"2026-10-21","","","","Liana’s (Hug’a’Mug & Shaorma Stoke) - Wolstanton - UK"
"2026-10-23","","","","Liana’s (Hug’a’Mug & Shaorma Stoke) - Wolstanton - UK"
"2026-10-25","","","","Liana’s (Hug’a’Mug & Shaorma Stoke) - Wolstanton - UK"
"2026-11-01","","","","Liana’s (Hug’a’Mug & Shaorma Stoke) - Wolstanton - UK"
"2026-11-02","","","","Liana’s (Hug’a’Mug & Shaorma Stoke) - Wolstanton - UK"
"2026-11-30","","","","Liana’s (Hug’a’Mug & Shaorma Stoke) - Wolstanton - UK"
"2026-12-07","","","","Liana’s (Hug’a’Mug & Shaorma Stoke) - Wolstanton - UK"
"2026-12-08","","","","Liana’s (Hug’a’Mug & Shaorma Stoke) - Wolstanton - UK"
"2026-12-12","","","","Liana’s (Hug’a’Mug & Shaorma Stoke) - Wolstanton - UK"
"2026-12-14","","","","Liana’s (Hug’a’Mug & Shaorma Stoke) - Wolstanton - UK"
"2026-12-24","","","","Liana’s (Hug’a’Mug & Shaorma Stoke) - Wolstanton - UK"
"2026-12-26","","","","Liana’s (Hug’a’Mug & Shaorma Stoke) - Wolstanton - UK"
"2026-01-08","","","","Chesters-Bolton-UK"
"2026-01-16","","","","Chesters-Bolton-UK"
"2026-01-30","","","","Chesters-Bolton-UK"
"2026-01-31","","","","Chesters-Bolton-UK"
"2026-02-07","","","","Chesters-Bolton-UK"
"2026-02-10","","","","Chesters-Bolton-UK"
"2026-02-24","","","","Chesters-Bolton-UK"
"2026-03-16","","","","Chesters-Bolton-UK"
"2026-04-07","","","","Chesters-Bolton-UK"
"2026-04-09","","","","Chesters-Bolton-UK"
"2026-04-24","","","","Chesters-Bolton-UK"
"2026-05-05","","","","Chesters-Bolton-UK"
"2026-05-06","","","","Chesters-Bolton-UK"
"2026-05-13","","","","Chesters-Bolton-UK"
"2026-05-19","","","","Chesters-Bolton-UK"
"2026-05-28","","","","Chesters-Bolton-UK"
"2026-05-31","","","","Chesters-Bolton-UK"
"2026-06-08","","","","Chesters-Bolton-UK"
"2026-06-09","","","","Chesters-Bolton-UK"
"2026-06-18","","","","Chesters-Bolton-UK"
"2026-06-21","","","","Chesters-Bolton-UK"
"2026-06-24","","","","Chesters-Bolton-UK"
"2026-07-08","","","","Chesters-Bolton-UK"
"2026-07-17","","","","Chesters-Bolton-UK"
"2026-07-25","","","","Chesters-Bolton-UK"
"2026-07-30","","","","Chesters-Bolton-UK"
"2026-07-31","","","","Chesters-Bolton-UK"
"2026-08-07","","","","Chesters-Bolton-UK"
"2026-08-26","","","","Chesters-Bolton-UK"
"2026-08-27","","","","Chesters-Bolton-UK"
"2026-09-14","","","","Chesters-Bolton-UK"
"2026-09-22","","","","Chesters-Bolton-UK"
"2026-09-25","","","","Chesters-Bolton-UK"
"2026-09-26","","","","Chesters-Bolton-UK"
"2026-10-05","","","","Chesters-Bolton-UK"
"2026-10-13","","","","Chesters-Bolton-UK"
"2026-10-14","","","","Chesters-Bolton-UK"
"2026-10-16","","","","Chesters-Bolton-UK"
"2026-10-19","","","","Chesters-Bolton-UK"
"2026-10-28","","","","Chesters-Bolton-UK"
"2026-11-02","","","","Chesters-Bolton-UK"
"2026-11-03","","","","Chesters-Bolton-UK"
"2026-11-20","","","","Chesters-Bolton-UK"
"2026-11-21","","","","Chesters-Bolton-UK"
"2026-11-25","","","","Chesters-Bolton-UK"
"2026-12-16","","","","Chesters-Bolton-UK"
"2026-12-18","","","","Chesters-Bolton-UK"
"2026-12-24","","","","Chesters-Bolton-UK"
"2026-12-27","","","","Chesters-Bolton-UK"
"2026-01-02","","","","Goodfellas Grill & Kebab House-Wayte St Portsmouth-UK"
"2026-01-11","","","","Goodfellas Grill & Kebab House-Wayte St Portsmouth-UK"
"2026-01-22","","","","Goodfellas Grill & Kebab House-Wayte St Portsmouth-UK"
"2026-01-25","","","","Goodfellas Grill & Kebab House-Wayte St Portsmouth-UK"
"2026-01-31","","","","Goodfellas Grill & Kebab House-Wayte St Portsmouth-UK"
"2026-02-02","","","","Goodfellas Grill & Kebab House-Wayte St Portsmouth-UK"
"2026-02-14","","","","Goodfellas Grill & Kebab House-Wayte St Portsmouth-UK"
"2026-02-27","","","","Goodfellas Grill & Kebab House-Wayte St Portsmouth-UK"
"2026-02-28","","","","Goodfellas Grill & Kebab House-Wayte St Portsmouth-UK"
"2026-03-09","","","","Goodfellas Grill & Kebab House-Wayte St Portsmouth-UK"
"2026-03-12","","","","Goodfellas Grill & Kebab House-Wayte St Portsmouth-UK"
"2026-03-17","","","","Goodfellas Grill & Kebab House-Wayte St Portsmouth-UK"
"2026-03-19","","","","Goodfellas Grill & Kebab House-Wayte St Portsmouth-UK"
"2026-03-26","","","","Goodfellas Grill & Kebab House-Wayte St Portsmouth-UK"
"2026-03-27","","","","Goodfellas Grill & Kebab House-Wayte St Portsmouth-UK"
"2026-04-06","","","","Goodfellas Grill & Kebab House-Wayte St Portsmouth-UK"
"2026-04-10","","","","Goodfellas Grill & Kebab House-Wayte St Portsmouth-UK"
"2026-04-14","","","","Goodfellas Grill & Kebab House-Wayte St Portsmouth-UK"
"2026-05-04","","","","Goodfellas Grill & Kebab House-Wayte St Portsmouth-UK"
"2026-05-07","","","","Goodfellas Grill & Kebab House-Wayte St Portsmouth-UK"
"2026-05-13","","","","Goodfellas Grill & Kebab House-Wayte St Portsmouth-UK"
"2026-05-28","","","","Goodfellas Grill & Kebab House-Wayte St Portsmouth-UK"
"2026-06-01","","","","Goodfellas Grill & Kebab House-Wayte St Portsmouth-UK"
"2026-06-14","","","","Goodfellas Grill & Kebab House-Wayte St Portsmouth-UK"
"2026-06-15","","","","Goodfellas Grill & Kebab House-Wayte St Portsmouth-UK"
"2026-06-30","","","","Goodfellas Grill & Kebab House-Wayte St Portsmouth-UK"
"2026-07-14","","","","Goodfellas Grill & Kebab House-Wayte St Portsmouth-UK"
"2026-07-17","","","","Goodfellas Grill & Kebab House-Wayte St Portsmouth-UK"
"2026-07-31","","","","Goodfellas Grill & Kebab House-Wayte St Portsmouth-UK"
"2026-08-11","","","","Goodfellas Grill & Kebab House-Wayte St Portsmouth-UK"
"2026-08-14","","","","Goodfellas Grill & Kebab House-Wayte St Portsmouth-UK"
"2026-08-18","","","","Goodfellas Grill & Kebab House-Wayte St Portsmouth-UK"
"2026-08-21","","","","Goodfellas Grill & Kebab House-Wayte St Portsmouth-UK"
"2026-08-27","","","","Goodfellas Grill & Kebab House-Wayte St Portsmouth-UK"
"2026-09-04","","","","Goodfellas Grill & Kebab House-Wayte St Portsmouth-UK"
"2026-09-09","","","","Goodfellas Grill & Kebab House-Wayte St Portsmouth-UK"
"2026-09-14","","","","Goodfellas Grill & Kebab House-Wayte St Portsmouth-UK"
"2026-09-16","","","","Goodfellas Grill & Kebab House-Wayte St Portsmouth-UK"
"2026-09-30","","","","Goodfellas Grill & Kebab House-Wayte St Portsmouth-UK"
"2026-10-08","","","","Goodfellas Grill & Kebab House-Wayte St Portsmouth-UK"
"2026-10-10","","","","Goodfellas Grill & Kebab House-Wayte St Portsmouth-UK"
"2026-11-09","","","","Goodfellas Grill & Kebab House-Wayte St Portsmouth-UK"
"2026-11-19","","","","Goodfellas Grill & Kebab House-Wayte St Portsmouth-UK"
"2026-12-07","","","","Goodfellas Grill & Kebab House-Wayte St Portsmouth-UK"
"2026-12-19","","","","Goodfellas Grill & Kebab House-Wayte St Portsmouth-UK"
"2026-12-21","","","","Goodfellas Grill & Kebab House-Wayte St Portsmouth-UK"
"2026-12-27","","","","Goodfellas Grill & Kebab House-Wayte St Portsmouth-UK"
"2026-01-15",20.25,20.25,1,"Chunky Chicken-Glasgow-UK"
"2026-01-16","","","","Chunky Chicken-Glasgow-UK"
"2026-01-17","","","","Chunky Chicken-Glasgow-UK"
"2026-01-20","","","","Chunky Chicken-Glasgow-UK"
"2026-01-27","","","","Chunky Chicken-Glasgow-UK"
"2026-01-29","","","","Chunky Chicken-Glasgow-UK"
"2026-01-31","","","","Chunky Chicken-Glasgow-UK"
"2026-02-04","","","","Chunky Chicken-Glasgow-UK"
"2026-02-10","","","","Chunky Chicken-Glasgow-UK"
"2026-02-15","","","","Chunky Chicken-Glasgow-UK"
"2026-02-17","","","","Chunky Chicken-Glasgow-UK"
"2026-02-18","","","","Chunky Chicken-Glasgow-UK"
"2026-02-19","","","","Chunky Chicken-Glasgow-UK"
"2026-03-07","","","","Chunky Chicken-Glasgow-UK"
"2026-03-12","","","","Chunky Chicken-Glasgow-UK"
"2026-03-13","","","","Chunky Chicken-Glasgow-UK"
"2026-03-19","","","","Chunky Chicken-Glasgow-UK"
"2026-03-25","","","","Chunky Chicken-Glasgow-UK"
"2026-03-31","","","","Chunky Chicken-Glasgow-UK"
"2026-04-05","","","","Chunky Chicken-Glasgow-UK"
"2026-04-06","","","","Chunky Chicken-Glasgow-UK"
"2026-04-14","","","","Chunky Chicken-Glasgow-UK"
"2026-04-18","","","","Chunky Chicken-Glasgow-UK"
"2026-04-19","","","","Chunky Chicken-Glasgow-UK"
"2026-04-20","","","","Chunky Chicken-Glasgow-UK"
"2026-04-22","","","","Chunky Chicken-Glasgow-UK"
"2026-04-23","","","","Chunky Chicken-Glasgow-UK"
"2026-04-29","","","","Chunky Chicken-Glasgow-UK"
"2026-05-07","","","","Chunky Chicken-Glasgow-UK"
"2026-05-10","","","","Chunky Chicken-Glasgow-UK"
"2026-05-13","","","","Chunky Chicken-Glasgow-UK"
"2026-05-31","","","","Chunky Chicken-Glasgow-UK"
"2026-06-06","","","","Chunky Chicken-Glasgow-UK"
"2026-06-19","","","","Chunky Chicken-Glasgow-UK"
"2026-07-07","","","","Chunky Chicken-Glasgow-UK"
"2026-08-06","","","","Chunky Chicken-Glasgow-UK"
"2026-08-07","","","","Chunky Chicken-Glasgow-UK"
"2026-08-10","","","","Chunky Chicken-Glasgow-UK"
"2026-08-15","","","","Chunky Chicken-Glasgow-UK"
"2026-08-23","","","","Chunky Chicken-Glasgow-UK"
"2026-09-04","","","","Chunky Chicken-Glasgow-UK"
"2026-09-05","","","","Chunky Chicken-Glasgow-UK"
"2026-09-10","","","","Chunky Chicken-Glasgow-UK"
"2026-09-11","","","","Chunky Chicken-Glasgow-UK"
"2026-09-13","","","","Chunky Chicken-Glasgow-UK"
"2026-09-19","","","","Chunky Chicken-Glasgow-UK"
"2026-09-25","","","","Chunky Chicken-Glasgow-UK"
"2026-10-02","","","","Chunky Chicken-Glasgow-UK"
"2026-10-05","","","","Chunky Chicken-Glasgow-UK"
"2026-10-15","","","","Chunky Chicken-Glasgow-UK"
"2026-10-18","","","","Chunky Chicken-Glasgow-UK"
"2026-10-20","","","","Chunky Chicken-Glasgow-UK"
"2026-11-05","","","","Chunky Chicken-Glasgow-UK"
"2026-11-06","","","","Chunky Chicken-Glasgow-UK"
"2026-11-09","","","","Chunky Chicken-Glasgow-UK"
"2026-11-10","","","","Chunky Chicken-Glasgow-UK"
"2026-11-24","","","","Chunky Chicken-Glasgow-UK"
"2026-11-26","","","","Chunky Chicken-Glasgow-UK"
"2026-12-03","","","","Chunky Chicken-Glasgow-UK"
"2026-12-28","","","","Chunky Chicken-Glasgow-UK"
"2026-12-29","","","","Chunky Chicken-Glasgow-UK"
"2026-01-01","","","","Liana’s (Hug’a’Mug & Shaorma Stoke) - Wolstanton - UK"
"2026-01-04","","","","Liana’s (Hug’a’Mug & Shaorma Stoke) - Wolstanton - UK"
"2026-01-06","","","","Liana’s (Hug’a’Mug & Shaorma Stoke) - Wolstanton - UK"
"2026-01-12","","","","Liana’s (Hug’a’Mug & Shaorma Stoke) - Wolstanton - UK"
"2026-01-18","","","","Liana’s (Hug’a’Mug & Shaorma Stoke) - Wolstanton - UK"
"2026-01-25","","","","Liana’s (Hug’a’Mug & Shaorma Stoke) - Wolstanton - UK"
"2026-02-03","","","","Liana’s (Hug’a’Mug & Shaorma Stoke) - Wolstanton - UK"
"2026-02-10","","","","Liana’s (Hug’a’Mug & Shaorma Stoke) - Wolstanton - UK"
"2026-02-13","","","","Liana’s (Hug’a’Mug & Shaorma Stoke) - Wolstanton - UK"
"2026-02-16","","","","Liana’s (Hug’a’Mug & Shaorma Stoke) - Wolstanton - UK"
"2026-02-21","","","","Liana’s (Hug’a’Mug & Shaorma Stoke) - Wolstanton - UK"
"2026-02-25","","","","Liana’s (Hug’a’Mug & Shaorma Stoke) - Wolstanton - UK"
"2026-02-26","","","","Liana’s (Hug’a’Mug & Shaorma Stoke) - Wolstanton - UK"
"2026-03-05","","","","Liana’s (Hug’a’Mug & Shaorma Stoke) - Wolstanton - UK"
"2026-03-06","","","","Liana’s (Hug’a’Mug & Shaorma Stoke) - Wolstanton - UK"
"2026-03-23","","","","Liana’s (Hug’a’Mug & Shaorma Stoke) - Wolstanton - UK"
"2026-03-24","","","","Liana’s (Hug’a’Mug & Shaorma Stoke) - Wolstanton - UK"
"2026-04-10","","","","Liana’s (Hug’a’Mug & Shaorma Stoke) - Wolstanton - UK"
"2026-04-17","","","","Liana’s (Hug’a’Mug & Shaorma Stoke) - Wolstanton - UK"
"2026-04-29","","","","Liana’s (Hug’a’Mug & Shaorma Stoke) - Wolstanton - UK"
"2026-05-10","","","","Liana’s (Hug’a’Mug & Shaorma Stoke) - Wolstanton - UK"
"2026-05-14","","","","Liana’s (Hug’a’Mug & Shaorma Stoke) - Wolstanton - UK"
"2026-05-15","","","","Liana’s (Hug’a’Mug & Shaorma Stoke) - Wolstanton - UK"
"2026-05-23","","","","Liana’s (Hug’a’Mug & Shaorma Stoke) - Wolstanton - UK"
"2026-06-01","","","","Liana’s (Hug’a’Mug & Shaorma Stoke) - Wolstanton - UK"
"2026-06-03","","","","Liana’s (Hug’a’Mug & Shaorma Stoke) - Wolstanton - UK"
"2026-06-08","","","","Liana’s (Hug’a’Mug & Shaorma Stoke) - Wolstanton - UK"
"2026-06-11","","","","Liana’s (Hug’a’Mug & Shaorma Stoke) - Wolstanton - UK"
"2026-06-21","","","","Liana’s (Hug’a’Mug & Shaorma Stoke) - Wolstanton - UK"
"2026-06-29","","","","Liana’s (Hug’a’Mug & Shaorma Stoke) - Wolstanton - UK"
"2026-07-01","","","","Liana’s (Hug’a’Mug & Shaorma Stoke) - Wolstanton - UK"
"2026-07-05","","","","Liana’s (Hug’a’Mug & Shaorma Stoke) - Wolstanton - UK"
"2026-07-07","","","","Liana’s (Hug’a’Mug & Shaorma Stoke) - Wolstanton - UK"
"2026-07-08","","","","Liana’s (Hug’a’Mug & Shaorma Stoke) - Wolstanton - UK"
"2026-07-10","","","","Liana’s (Hug’a’Mug & Shaorma Stoke) - Wolstanton - UK"
"2026-07-16","","","","Liana’s (Hug’a’Mug & Shaorma Stoke) - Wolstanton - UK"
"2026-07-18","","","","Liana’s (Hug’a’Mug & Shaorma Stoke) - Wolstanton - UK"
"2026-08-25","","","","Liana’s (Hug’a’Mug & Shaorma Stoke) - Wolstanton - UK"
"2026-08-27","","","","Liana’s (Hug’a’Mug & Shaorma Stoke) - Wolstanton - UK"
"2026-08-28","","","","Liana’s (Hug’a’Mug & Shaorma Stoke) - Wolstanton - UK"
"2026-08-29","","","","Liana’s (Hug’a’Mug & Shaorma Stoke) - Wolstanton - UK"
"2026-09-04","","","","Liana’s (Hug’a’Mug & Shaorma Stoke) - Wolstanton - UK"
"2026-09-12","","","","Liana’s (Hug’a’Mug & Shaorma Stoke) - Wolstanton - UK"
"2026-09-21","","","","Liana’s (Hug’a’Mug & Shaorma Stoke) - Wolstanton - UK"
"2026-10-14","","","","Liana’s (Hug’a’Mug & Shaorma Stoke) - Wolstanton - UK"
"2026-10-17","","","","Liana’s (Hug’a’Mug & Shaorma Stoke) - Wolstanton - UK"
"2026-10-19","","","","Liana’s (Hug’a’Mug & Shaorma Stoke) - Wolstanton - UK"
"2026-10-28","","","","Liana’s (Hug’a’Mug & Shaorma Stoke) - Wolstanton - UK"
"2026-11-05","","","","Liana’s (Hug’a’Mug & Shaorma Stoke) - Wolstanton - UK"
"2026-11-23","","","","Liana’s (Hug’a’Mug & Shaorma Stoke) - Wolstanton - UK"
"2026-11-25","","","","Liana’s (Hug’a’Mug & Shaorma Stoke) - Wolstanton - UK"
"2026-11-28","","","","Liana’s (Hug’a’Mug & Shaorma Stoke) - Wolstanton - UK"
"2026-12-09","","","","Liana’s (Hug’a’Mug & Shaorma Stoke) - Wolstanton - UK"
"2026-12-11","","","","Liana’s (Hug’a’Mug & Shaorma Stoke) - Wolstanton - UK"
"2026-12-17","","","","Liana’s (Hug’a’Mug & Shaorma Stoke) - Wolstanton - UK"
"2027-01-01","","","","Liana’s (Hug’a’Mug & Shaorma Stoke) - Wolstanton - UK"
"2026-01-01",33.0,33.0,2,"Chesters-Bolton-UK"
"2026-01-03","","","","Chesters-Bolton-UK"
"2026-01-06",13.5,13.5,1,"Chesters-Bolton-UK"
"2026-01-15",27.0,27.0,1,"Chesters-Bolton-UK"
"2026-02-06","","","","Chesters-Bolton-UK"
"2026-02-09","","","","Chesters-Bolton-UK"
"2026-02-11","","","","Chesters-Bolton-UK"
"2026-02-28","","","","Chesters-Bolton-UK"
"2026-03-01","","","","Chesters-Bolton-UK"
"2026-03-13","","","","Chesters-Bolton-UK"
"2026-04-01","","","","Chesters-Bolton-UK"
"2026-04-02","","","","Chesters-Bolton-UK"
"2026-04-08","","","","Chesters-Bolton-UK"
"2026-04-11","","","","Chesters-Bolton-UK"
"2026-04-20","","","","Chesters-Bolton-UK"
"2026-04-23","","","","Chesters-Bolton-UK"
"2026-04-25","","","","Chesters-Bolton-UK"
"2026-05-01","","","","Chesters-Bolton-UK"
"2026-05-08","","","","Chesters-Bolton-UK"
"2026-05-16","","","","Chesters-Bolton-UK"
"2026-05-17","","","","Chesters-Bolton-UK"
"2026-05-24","","","","Chesters-Bolton-UK"
"2026-06-02","","","","Chesters-Bolton-UK"
"2026-06-04","","","","Chesters-Bolton-UK"
"2026-06-07","","","","Chesters-Bolton-UK"
"2026-06-13","","","","Chesters-Bolton-UK"
"2026-06-29","","","","Chesters-Bolton-UK"
"2026-07-14","","","","Chesters-Bolton-UK"
"2026-07-28","","","","Chesters-Bolton-UK"
"2026-08-03","","","","Chesters-Bolton-UK"
"2026-08-09","","","","Chesters-Bolton-UK"
"2026-08-17","","","","Chesters-Bolton-UK"
"2026-08-19","","","","Chesters-Bolton-UK"
"2026-08-20","","","","Chesters-Bolton-UK"
"2026-08-22","","","","Chesters-Bolton-UK"
"2026-08-23","","","","Chesters-Bolton-UK"
"2026-09-07","","","","Chesters-Bolton-UK"
"2026-10-01","","","","Chesters-Bolton-UK"
"2026-10-12","","","","Chesters-Bolton-UK"
"2026-11-01","","","","Chesters-Bolton-UK"
"2026-12-01","","","","Chesters-Bolton-UK"
"2026-12-06","","","","Chesters-Bolton-UK"
"2026-12-11","","","","Chesters-Bolton-UK"
"2026-12-13","","","","Chesters-Bolton-UK"
"2026-12-21","","","","Chesters-Bolton-UK"
"2026-12-23","","","","Chesters-Bolton-UK"
"2026-12-30","","","","Chesters-Bolton-UK"
"2026-01-24","","","","Goodfellas Grill & Kebab House-Wayte St Portsmouth-UK"
"2026-02-05","","","","Goodfellas Grill & Kebab House-Wayte St Portsmouth-UK"
"2026-02-10","","","","Goodfellas Grill & Kebab House-Wayte St Portsmouth-UK"
"2026-02-21","","","","Goodfellas Grill & Kebab House-Wayte St Portsmouth-UK"
"2026-03-16","","","","Goodfellas Grill & Kebab House-Wayte St Portsmouth-UK"
"2026-03-22","","","","Goodfellas Grill & Kebab House-Wayte St Portsmouth-UK"
"2026-04-03","","","","Goodfellas Grill & Kebab House-Wayte St Portsmouth-UK"
"2026-04-13","","","","Goodfellas Grill & Kebab House-Wayte St Portsmouth-UK"
"2026-04-20","","","","Goodfellas Grill & Kebab House-Wayte St Portsmouth-UK"
"2026-04-25","","","","Goodfellas Grill & Kebab House-Wayte St Portsmouth-UK"
"2026-04-26","","","","Goodfellas Grill & Kebab House-Wayte St Portsmouth-UK"
"2026-04-28","","","","Goodfellas Grill & Kebab House-Wayte St Portsmouth-UK"
"2026-05-06","","","","Goodfellas Grill & Kebab House-Wayte St Portsmouth-UK"
"2026-05-26","","","","Goodfellas Grill & Kebab House-Wayte St Portsmouth-UK"
"2026-06-05","","","","Goodfellas Grill & Kebab House-Wayte St Portsmouth-UK"
"2026-06-19","","","","Goodfellas Grill & Kebab House-Wayte St Portsmouth-UK"
"2026-06-25","","","","Goodfellas Grill & Kebab House-Wayte St Portsmouth-UK"
"2026-06-27","","","","Goodfellas Grill & Kebab House-Wayte St Portsmouth-UK"
"2026-07-07","","","","Goodfellas Grill & Kebab House-Wayte St Portsmouth-UK"
"2026-07-26","","","","Goodfellas Grill & Kebab House-Wayte St Portsmouth-UK"
"2026-08-05","","","","Goodfellas Grill & Kebab House-Wayte St Portsmouth-UK"
"2026-08-10","","","","Goodfellas Grill & Kebab House-Wayte St Portsmouth-UK"
"2026-08-16","","","","Goodfellas Grill & Kebab House-Wayte St Portsmouth-UK"
"2026-09-06","","","","Goodfellas Grill & Kebab House-Wayte St Portsmouth-UK"
"2026-09-07","","","","Goodfellas Grill & Kebab House-Wayte St Portsmouth-UK"
"2026-09-15","","","","Goodfellas Grill & Kebab House-Wayte St Portsmouth-UK"
"2026-09-28","","","","Goodfellas Grill & Kebab House-Wayte St Portsmouth-UK"
"2026-10-04","","","","Goodfellas Grill & Kebab House-Wayte St Portsmouth-UK"
"2026-10-09","","","","Goodfellas Grill & Kebab House-Wayte St Portsmouth-UK"
"2026-10-16","","","","Goodfellas Grill & Kebab House-Wayte St Portsmouth-UK"
"2026-10-18","","","","Goodfellas Grill & Kebab House-Wayte St Portsmouth-UK"
"2026-10-22","","","","Goodfellas Grill & Kebab House-Wayte St Portsmouth-UK"
"2026-11-11","","","","Goodfellas Grill & Kebab House-Wayte St Portsmouth-UK"
"2026-11-20","","","","Goodfellas Grill & Kebab House-Wayte St Portsmouth-UK"
"2026-11-23","","","","Goodfellas Grill & Kebab House-Wayte St Portsmouth-UK"
"2026-11-24","","","","Goodfellas Grill & Kebab House-Wayte St Portsmouth-UK"
"2026-11-26","","","","Goodfellas Grill & Kebab House-Wayte St Portsmouth-UK"
"2026-11-28","","","","Goodfellas Grill & Kebab House-Wayte St Portsmouth-UK"
"2026-11-29","","","","Goodfellas Grill & Kebab House-Wayte St Portsmouth-UK"
"2026-12-06","","","","Goodfellas Grill & Kebab House-Wayte St Portsmouth-UK"
"2026-12-14","","","","Goodfellas Grill & Kebab House-Wayte St Portsmouth-UK"
"2026-12-17","","","","Goodfellas Grill & Kebab House-Wayte St Portsmouth-UK"
"2026-12-24","","","","Goodfellas Grill & Kebab House-Wayte St Portsmouth-UK"
"2026-12-31","","","","Goodfellas Grill & Kebab House-Wayte St Portsmouth-UK"
"2026-01-03","","","","Chunky Chicken-Glasgow-UK"
"2026-01-09",15.0,15.0,1,"Chunky Chicken-Glasgow-UK"
"2026-01-24","","","","Chunky Chicken-Glasgow-UK"
"2026-01-25","","","","Chunky Chicken-Glasgow-UK"
"2026-01-28","","","","Chunky Chicken-Glasgow-UK"
"2026-02-12","","","","Chunky Chicken-Glasgow-UK"
"2026-02-16","","","","Chunky Chicken-Glasgow-UK"
"2026-02-26","","","","Chunky Chicken-Glasgow-UK"
"2026-03-02","","","","Chunky Chicken-Glasgow-UK"
"2026-03-11","","","","Chunky Chicken-Glasgow-UK"
"2026-03-26","","","","Chunky Chicken-Glasgow-UK"
"2026-03-28","","","","Chunky Chicken-Glasgow-UK"
"2026-04-21","","","","Chunky Chicken-Glasgow-UK"
"2026-04-24","","","","Chunky Chicken-Glasgow-UK"
"2026-05-02","","","","Chunky Chicken-Glasgow-UK"
"2026-05-03","","","","Chunky Chicken-Glasgow-UK"
"2026-05-05","","","","Chunky Chicken-Glasgow-UK"
"2026-05-06","","","","Chunky Chicken-Glasgow-UK"
"2026-05-09","","","","Chunky Chicken-Glasgow-UK"
"2026-05-22","","","","Chunky Chicken-Glasgow-UK"
"2026-06-03","","","","Chunky Chicken-Glasgow-UK"
"2026-06-05","","","","Chunky Chicken-Glasgow-UK"
"2026-06-21","","","","Chunky Chicken-Glasgow-UK"
"2026-07-04","","","","Chunky Chicken-Glasgow-UK"
"2026-07-05","","","","Chunky Chicken-Glasgow-UK"
"2026-07-12","","","","Chunky Chicken-Glasgow-UK"
"2026-07-16","","","","Chunky Chicken-Glasgow-UK"
"2026-07-22","","","","Chunky Chicken-Glasgow-UK"
"2026-07-24","","","","Chunky Chicken-Glasgow-UK"
"2026-07-28","","","","Chunky Chicken-Glasgow-UK"
"2026-08-09","","","","Chunky Chicken-Glasgow-UK"
"2026-08-19","","","","Chunky Chicken-Glasgow-UK"
"2026-08-27","","","","Chunky Chicken-Glasgow-UK"
"2026-09-03","","","","Chunky Chicken-Glasgow-UK"
"2026-09-06","","","","Chunky Chicken-Glasgow-UK"
"2026-09-07","","","","Chunky Chicken-Glasgow-UK"
"2026-09-12","","","","Chunky Chicken-Glasgow-UK"
"2026-09-14","","","","Chunky Chicken-Glasgow-UK"
"2026-09-15","","","","Chunky Chicken-Glasgow-UK"
"2026-09-16","","","","Chunky Chicken-Glasgow-UK"
"2026-09-23","","","","Chunky Chicken-Glasgow-UK"
"2026-09-27","","","","Chunky Chicken-Glasgow-UK"
"2026-09-30","","","","Chunky Chicken-Glasgow-UK"
"2026-10-03","","","","Chunky Chicken-Glasgow-UK"
"2026-10-09","","","","Chunky Chicken-Glasgow-UK"
"2026-10-27","","","","Chunky Chicken-Glasgow-UK"
"2026-11-16","","","","Chunky Chicken-Glasgow-UK"
"2026-11-17","","","","Chunky Chicken-Glasgow-UK"
"2026-11-23","","","","Chunky Chicken-Glasgow-UK"
"2026-12-05","","","","Chunky Chicken-Glasgow-UK"
"2026-12-08","","","","Chunky Chicken-Glasgow-UK"
"2026-12-23","","","","Chunky Chicken-Glasgow-UK"
"2026-12-25","","","","Chunky Chicken-Glasgow-UK"
"2026-01-07",10.8,13.97,1,"Liana’s (Hug’a’Mug & Shaorma Stoke) - Wolstanton - UK"
"2026-01-10","","","","Liana’s (Hug’a’Mug & Shaorma Stoke) - Wolstanton - UK"
"2026-02-12","","","","Liana’s (Hug’a’Mug & Shaorma Stoke) - Wolstanton - UK"
"2026-02-17","","","","Liana’s (Hug’a’Mug & Shaorma Stoke) - Wolstanton - UK"
"2026-02-19","","","","Liana’s (Hug’a’Mug & Shaorma Stoke) - Wolstanton - UK"
"2026-03-09","","","","Liana’s (Hug’a’Mug & Shaorma Stoke) - Wolstanton - UK"
"2026-03-19","","","","Liana’s (Hug’a’Mug & Shaorma Stoke) - Wolstanton - UK"
"2026-03-20","","","","Liana’s (Hug’a’Mug & Shaorma Stoke) - Wolstanton - UK"
"2026-03-31","","","","Liana’s (Hug’a’Mug & Shaorma Stoke) - Wolstanton - UK"
"2026-04-26","","","","Liana’s (Hug’a’Mug & Shaorma Stoke) - Wolstanton - UK"
"2026-05-04","","","","Liana’s (Hug’a’Mug & Shaorma Stoke) - Wolstanton - UK"
"2026-05-08","","","","Liana’s (Hug’a’Mug & Shaorma Stoke) - Wolstanton - UK"
"2026-05-12","","","","Liana’s (Hug’a’Mug & Shaorma Stoke) - Wolstanton - UK"
"2026-05-19","","","","Liana’s (Hug’a’Mug & Shaorma Stoke) - Wolstanton - UK"
"2026-05-28","","","","Liana’s (Hug’a’Mug & Shaorma Stoke) - Wolstanton - UK"
"2026-06-02","","","","Liana’s (Hug’a’Mug & Shaorma Stoke) - Wolstanton - UK"
"2026-06-09","","","","Liana’s (Hug’a’Mug & Shaorma Stoke) - Wolstanton - UK"
"2026-06-12","","","","Liana’s (Hug’a’Mug & Shaorma Stoke) - Wolstanton - UK"
"2026-06-15","","","","Liana’s (Hug’a’Mug & Shaorma Stoke) - Wolstanton - UK"
"2026-06-18","","","","Liana’s (Hug’a’Mug & Shaorma Stoke) - Wolstanton - UK"
"2026-06-23","","","","Liana’s (Hug’a’Mug & Shaorma Stoke) - Wolstanton - UK"
"2026-06-30","","","","Liana’s (Hug’a’Mug & Shaorma Stoke) - Wolstanton - UK"
"2026-07-02","","","","Liana’s (Hug’a’Mug & Shaorma Stoke) - Wolstanton - UK"
"2026-07-27","","","","Liana’s (Hug’a’Mug & Shaorma Stoke) - Wolstanton - UK"
"2026-08-03","","","","Liana’s (Hug’a’Mug & Shaorma Stoke) - Wolstanton - UK"
"2026-08-04","","","","Liana’s (Hug’a’Mug & Shaorma Stoke) - Wolstanton - UK"
"2026-08-12","","","","Liana’s (Hug’a’Mug & Shaorma Stoke) - Wolstanton - UK"
"2026-08-19","","","","Liana’s (Hug’a’Mug & Shaorma Stoke) - Wolstanton - UK"
"2026-08-24","","","","Liana’s (Hug’a’Mug & Shaorma Stoke) - Wolstanton - UK"
"2026-09-18","","","","Liana’s (Hug’a’Mug & Shaorma Stoke) - Wolstanton - UK"
"2026-09-22","","","","Liana’s (Hug’a’Mug & Shaorma Stoke) - Wolstanton - UK"
"2026-09-28","","","","Liana’s (Hug’a’Mug & Shaorma Stoke) - Wolstanton - UK"
"2026-10-06","","","","Liana’s (Hug’a’Mug & Shaorma Stoke) - Wolstanton - UK"
"2026-10-10","","","","Liana’s (Hug’a’Mug & Shaorma Stoke) - Wolstanton - UK"
"2026-10-16","","","","Liana’s (Hug’a’Mug & Shaorma Stoke) - Wolstanton - UK"
"2026-10-18","","","","Liana’s (Hug’a’Mug & Shaorma Stoke) - Wolstanton - UK"
"2026-11-03","","","","Liana’s (Hug’a’Mug & Shaorma Stoke) - Wolstanton - UK"
"2026-11-07","","","","Liana’s (Hug’a’Mug & Shaorma Stoke) - Wolstanton - UK"
"2026-11-12","","","","Liana’s (Hug’a’Mug & Shaorma Stoke) - Wolstanton - UK"
"2026-11-17","","","","Liana’s (Hug’a’Mug & Shaorma Stoke) - Wolstanton - UK"
"2026-01-18","","","","Chesters-Bolton-UK"
"2026-01-20","","","","Chesters-Bolton-UK"
"2026-01-21","","","","Chesters-Bolton-UK"
"2026-01-22","","","","Chesters-Bolton-UK"
"2026-01-28","","","","Chesters-Bolton-UK"
"2026-02-03","","","","Chesters-Bolton-UK"
"2026-02-08","","","","Chesters-Bolton-UK"
"2026-02-13","","","","Chesters-Bolton-UK"
"2026-02-15","","","","Chesters-Bolton-UK"
"2026-02-20","","","","Chesters-Bolton-UK"
"2026-02-26","","","","Chesters-Bolton-UK"
"2026-03-08","","","","Chesters-Bolton-UK"
"2026-03-20","","","","Chesters-Bolton-UK"
"2026-03-21","","","","Chesters-Bolton-UK"
"2026-03-24","","","","Chesters-Bolton-UK"
"2026-04-04","","","","Chesters-Bolton-UK"
"2026-04-05","","","","Chesters-Bolton-UK"
"2026-04-06","","","","Chesters-Bolton-UK"
"2026-05-02","","","","Chesters-Bolton-UK"
"2026-05-10","","","","Chesters-Bolton-UK"
"2026-05-20","","","","Chesters-Bolton-UK"
"2026-05-23","","","","Chesters-Bolton-UK"
"2026-05-26","","","","Chesters-Bolton-UK"
"2026-06-11","","","","Chesters-Bolton-UK"
"2026-06-15","","","","Chesters-Bolton-UK"
"2026-06-22","","","","Chesters-Bolton-UK"
"2026-07-06","","","","Chesters-Bolton-UK"
"2026-07-10","","","","Chesters-Bolton-UK"
"2026-07-11","","","","Chesters-Bolton-UK"
"2026-07-12","","","","Chesters-Bolton-UK"
"2026-07-19","","","","Chesters-Bolton-UK"
"2026-07-20","","","","Chesters-Bolton-UK"
"2026-08-02","","","","Chesters-Bolton-UK"
"2026-08-18","","","","Chesters-Bolton-UK"
"2026-08-24","","","","Chesters-Bolton-UK"
"2026-08-28","","","","Chesters-Bolton-UK"
"2026-09-03","","","","Chesters-Bolton-UK"
"2026-09-04","","","","Chesters-Bolton-UK"
"2026-09-05","","","","Chesters-Bolton-UK"
"2026-09-11","","","","Chesters-Bolton-UK"
"2026-09-13","","","","Chesters-Bolton-UK"
"2026-09-19","","","","Chesters-Bolton-UK"
"2026-09-30","","","","Chesters-Bolton-UK"
"2026-10-02","","","","Chesters-Bolton-UK"
"2026-10-04","","","","Chesters-Bolton-UK"
"2026-10-07","","","","Chesters-Bolton-UK"
"2026-10-10","","","","Chesters-Bolton-UK"
"2026-10-18","","","","Chesters-Bolton-UK"
"2026-10-22","","","","Chesters-Bolton-UK"
"2026-10-27","","","","Chesters-Bolton-UK"
"2026-10-29","","","","Chesters-Bolton-UK"
"2026-11-09","","","","Chesters-Bolton-UK"
"2026-11-14","","","","Chesters-Bolton-UK"
"2026-11-22","","","","Chesters-Bolton-UK"
"2026-12-14","","","","Chesters-Bolton-UK"
"2026-12-22","","","","Chesters-Bolton-UK"
"2026-01-01","","","","Goodfellas Grill & Kebab House-Wayte St Portsmouth-UK"
"2026-01-03","","","","Goodfellas Grill & Kebab House-Wayte St Portsmouth-UK"
"2026-01-04",15.0,15.0,1,"Goodfellas Grill & Kebab House-Wayte St Portsmouth-UK"
"2026-01-05",17.25,17.25,1,"Goodfellas Grill & Kebab House-Wayte St Portsmouth-UK"
"2026-01-15","","","","Goodfellas Grill & Kebab House-Wayte St Portsmouth-UK"
"2026-01-23","","","","Goodfellas Grill & Kebab House-Wayte St Portsmouth-UK"
"2026-01-30","","","","Goodfellas Grill & Kebab House-Wayte St Portsmouth-UK"
"2026-02-08","","","","Goodfellas Grill & Kebab House-Wayte St Portsmouth-UK"
"2026-02-12","","","","Goodfellas Grill & Kebab House-Wayte St Portsmouth-UK"
"2026-02-19","","","","Goodfellas Grill & Kebab House-Wayte St Portsmouth-UK"
"2026-02-26","","","","Goodfellas Grill & Kebab House-Wayte St Portsmouth-UK"
"2026-03-01","","","","Goodfellas Grill & Kebab House-Wayte St Portsmouth-UK"
"2026-03-21","","","","Goodfellas Grill & Kebab House-Wayte St Portsmouth-UK"
"2026-04-08","","","","Goodfellas Grill & Kebab House-Wayte St Portsmouth-UK"
"2026-04-09","","","","Goodfellas Grill & Kebab House-Wayte St Portsmouth-UK"
"2026-04-21","","","","Goodfellas Grill & Kebab House-Wayte St Portsmouth-UK"
"2026-04-22","","","","Goodfellas Grill & Kebab House-Wayte St Portsmouth-UK"
"2026-05-15","","","","Goodfellas Grill & Kebab House-Wayte St Portsmouth-UK"
"2026-05-23","","","","Goodfellas Grill & Kebab House-Wayte St Portsmouth-UK"
"2026-05-25","","","","Goodfellas Grill & Kebab House-Wayte St Portsmouth-UK"
"2026-05-27","","","","Goodfellas Grill & Kebab House-Wayte St Portsmouth-UK"
"2026-05-30","","","","Goodfellas Grill & Kebab House-Wayte St Portsmouth-UK"
"2026-06-09","","","","Goodfellas Grill & Kebab House-Wayte St Portsmouth-UK"
"2026-06-20","","","","Goodfellas Grill & Kebab House-Wayte St Portsmouth-UK"
"2026-07-04","","","","Goodfellas Grill & Kebab House-Wayte St Portsmouth-UK"
"2026-07-15","","","","Goodfellas Grill & Kebab House-Wayte St Portsmouth-UK"
"2026-07-20","","","","Goodfellas Grill & Kebab House-Wayte St Portsmouth-UK"
"2026-07-21","","","","Goodfellas Grill & Kebab House-Wayte St Portsmouth-UK"
"2026-07-29","","","","Goodfellas Grill & Kebab House-Wayte St Portsmouth-UK"
"2026-08-02","","","","Goodfellas Grill & Kebab House-Wayte St Portsmouth-UK"
"2026-08-07","","","","Goodfellas Grill & Kebab House-Wayte St Portsmouth-UK"
"2026-08-08","","","","Goodfellas Grill & Kebab House-Wayte St Portsmouth-UK"
"2026-08-09","","","","Goodfellas Grill & Kebab House-Wayte St Portsmouth-UK"
"2026-08-26","","","","Goodfellas Grill & Kebab House-Wayte St Portsmouth-UK"
"2026-08-28","","","","Goodfellas Grill & Kebab House-Wayte St Portsmouth-UK"
"2026-08-29","","","","Goodfellas Grill & Kebab House-Wayte St Portsmouth-UK"
"2026-09-02","","","","Goodfellas Grill & Kebab House-Wayte St Portsmouth-UK"
"2026-09-05","","","","Goodfellas Grill & Kebab House-Wayte St Portsmouth-UK"
"2026-09-13","","","","Goodfellas Grill & Kebab House-Wayte St Portsmouth-UK"
"2026-09-23","","","","Goodfellas Grill & Kebab House-Wayte St Portsmouth-UK"
"2026-09-29","","","","Goodfellas Grill & Kebab House-Wayte St Portsmouth-UK"
"2026-10-01","","","","Goodfellas Grill & Kebab House-Wayte St Portsmouth-UK"
"2026-10-02","","","","Goodfellas Grill & Kebab House-Wayte St Portsmouth-UK"
"2026-10-15","","","","Goodfellas Grill & Kebab House-Wayte St Portsmouth-UK"
"2026-10-30","","","","Goodfellas Grill & Kebab House-Wayte St Portsmouth-UK"
"2026-10-31","","","","Goodfellas Grill & Kebab House-Wayte St Portsmouth-UK"
"2026-11-13","","","","Goodfellas Grill & Kebab House-Wayte St Portsmouth-UK"
"2026-11-25","","","","Goodfellas Grill & Kebab House-Wayte St Portsmouth-UK"
"2026-11-27","","","","Goodfellas Grill & Kebab House-Wayte St Portsmouth-UK"
"2026-12-04","","","","Goodfellas Grill & Kebab House-Wayte St Portsmouth-UK"
"2026-12-05","","","","Goodfellas Grill & Kebab House-Wayte St Portsmouth-UK"
"2026-12-11","","","","Goodfellas Grill & Kebab House-Wayte St Portsmouth-UK"
"2026-12-30","","","","Goodfellas Grill & Kebab House-Wayte St Portsmouth-UK"
"2026-01-01",32.25,32.25,1,"Chunky Chicken-Glasgow-UK"
"2026-01-08",17.25,17.25,1,"Chunky Chicken-Glasgow-UK"
"2026-01-12",15.0,15.0,1,"Chunky Chicken-Glasgow-UK"
"2026-01-13",39.75,39.75,2,"Chunky Chicken-Glasgow-UK"
"2026-01-19","","","","Chunky Chicken-Glasgow-UK"
"2026-01-21","","","","Chunky Chicken-Glasgow-UK"
"2026-01-26","","","","Chunky Chicken-Glasgow-UK"
"2026-02-01","","","","Chunky Chicken-Glasgow-UK"
"2026-02-09","","","","Chunky Chicken-Glasgow-UK"
"2026-02-13","","","","Chunky Chicken-Glasgow-UK"
"2026-02-21","","","","Chunky Chicken-Glasgow-UK"
"2026-02-25","","","","Chunky Chicken-Glasgow-UK"
"2026-02-27","","","","Chunky Chicken-Glasgow-UK"
"2026-03-14","","","","Chunky Chicken-Glasgow-UK"
"2026-03-23","","","","Chunky Chicken-Glasgow-UK"
"2026-03-27","","","","Chunky Chicken-Glasgow-UK"
"2026-04-01","","","","Chunky Chicken-Glasgow-UK"
"2026-04-12","","","","Chunky Chicken-Glasgow-UK"
"2026-04-15","","","","Chunky Chicken-Glasgow-UK"
"2026-04-28","","","","Chunky Chicken-Glasgow-UK"
"2026-05-21","","","","Chunky Chicken-Glasgow-UK"
"2026-05-26","","","","Chunky Chicken-Glasgow-UK"
"2026-05-28","","","","Chunky Chicken-Glasgow-UK"
"2026-06-01","","","","Chunky Chicken-Glasgow-UK"
"2026-06-13","","","","Chunky Chicken-Glasgow-UK"
"2026-06-17","","","","Chunky Chicken-Glasgow-UK"
"2026-06-20","","","","Chunky Chicken-Glasgow-UK"
"2026-06-23","","","","Chunky Chicken-Glasgow-UK"
"2026-06-24","","","","Chunky Chicken-Glasgow-UK"
"2026-06-27","","","","Chunky Chicken-Glasgow-UK"
"2026-06-30","","","","Chunky Chicken-Glasgow-UK"
"2026-07-03","","","","Chunky Chicken-Glasgow-UK"
"2026-07-13","","","","Chunky Chicken-Glasgow-UK"
"2026-07-17","","","","Chunky Chicken-Glasgow-UK"
"2026-07-29","","","","Chunky Chicken-Glasgow-UK"
"2026-07-30","","","","Chunky Chicken-Glasgow-UK"
"2026-08-02","","","","Chunky Chicken-Glasgow-UK"
"2026-08-28","","","","Chunky Chicken-Glasgow-UK"
"2026-09-09","","","","Chunky Chicken-Glasgow-UK"
"2026-09-22","","","","Chunky Chicken-Glasgow-UK"
"2026-10-10","","","","Chunky Chicken-Glasgow-UK"
"2026-10-11","","","","Chunky Chicken-Glasgow-UK"
"2026-10-12","","","","Chunky Chicken-Glasgow-UK"
"2026-10-13","","","","Chunky Chicken-Glasgow-UK"
"2026-10-16","","","","Chunky Chicken-Glasgow-UK"
"2026-10-24","","","","Chunky Chicken-Glasgow-UK"
"2026-10-28","","","","Chunky Chicken-Glasgow-UK"
"2026-10-29","","","","Chunky Chicken-Glasgow-UK"
"2026-11-13","","","","Chunky Chicken-Glasgow-UK"
"2026-11-21","","","","Chunky Chicken-Glasgow-UK"
"2026-11-28","","","","Chunky Chicken-Glasgow-UK"
"2026-11-29","","","","Chunky Chicken-Glasgow-UK"
"2026-12-02","","","","Chunky Chicken-Glasgow-UK"
"2026-12-10","","","","Chunky Chicken-Glasgow-UK"
"2026-12-12","","","","Chunky Chicken-Glasgow-UK"
"2026-12-15","","","","Chunky Chicken-Glasgow-UK"
"2026-12-16","","","","Chunky Chicken-Glasgow-UK"
"2026-12-17","","","","Chunky Chicken-Glasgow-UK"
"2026-12-21","","","","Chunky Chicken-Glasgow-UK"
